method,replicate,true,mean,red_fac,ess,interval,ci_lower,ci_upper,ci_covered,hpd_lower,hpd_upper,hpd_covered,seed
ecoevolity,0,0.012310541729152613,0.014817195462118682,1.0000047787492299,2520.540702691961,0.95,0.012591568173403771,0.016399488866863002,False,0.012875260451657584,0.01660437692073078,False,seed170
starbeast,0,0.012310541729152613,0.01597589546576047,1.0007148443473153,306.0872370479079,0.95,0.015159012012585762,0.016731758112670976,False,0.015152345156834031,0.01672147234524081,False,seed170
ecoevolity,0,0.028622430413951405,0.039379408787653766,0.999707692952843,3385.1374410228145,0.95,0.03713463123463771,0.04104016845961767,False,0.037272403664969415,0.04108700395686162,False,seed48
starbeast,0,0.028622430413951405,0.03976538093260133,1.0023673997453475,281.66430029330553,0.95,0.03833611031788614,0.04120802520382272,False,0.03837473275865992,0.041237689285927484,False,seed48
ecoevolity,0,0.01530796679762222,0.01767286936212035,1.0045813802676875,587.8700583354001,0.95,0.012652577360730256,0.021007021211503427,True,0.013110150004335836,0.02126379588325576,True,seed188
starbeast,0,0.01530796679762222,0.02025155017607561,1.0111263106871893,283.2674081418797,0.95,0.0192846746078167,0.02124612681122495,False,0.019300852637120936,0.021257224367306232,False,seed188
ecoevolity,0,0.0774857900053076,0.09503388599497777,1.0006607220720618,4000.0,0.95,0.0924872311801943,0.09734645081407337,False,0.0924829746529851,0.09729399363975544,False,seed194
starbeast,0,0.0774857900053076,0.09566638399923223,1.0033585476165214,534.6748632146341,0.95,0.09367036853843363,0.09758911061161993,False,0.0937225375202207,0.09760309524917517,False,seed194
ecoevolity,0,0.0012316008755467768,0.0007924849980423054,1.0001245979442828,1049.602778417903,0.95,0.0006059878022277634,0.0009896611922191481,False,0.0006082997397017481,0.0009899441763049058,False,seed193
starbeast,0,0.0012316008755467768,0.0011928774548152798,1.0004432291787109,484.2684218145956,0.95,0.0010305157269112008,0.0013673720929651715,True,0.0010188860065853172,0.0013535728551155627,True,seed193
ecoevolity,0,0.20591719453087534,0.25324574048825904,1.0000143475309813,4000.0,0.95,0.2487858357582663,0.2576451344867001,False,0.2488075872292272,0.2576451344867001,False,seed37
starbeast,0,0.20591719453087534,0.2532766758704097,1.005475886713164,822.5544785196779,0.95,0.2489672153337105,0.25749169602924193,False,0.2488041875751948,0.2572577903945891,False,seed37
ecoevolity,0,0.003190207086875113,0.0028410333597644485,0.9997547422288878,1914.7407128056686,0.95,0.0022601701179518377,0.0035022839692787603,True,0.002214639882695536,0.003438195655764665,True,seed35
starbeast,0,0.003190207086875113,0.004663790345262929,1.0018396571499135,877.7185571131872,0.95,0.0040447197436500465,0.005304672062664128,False,0.0040366434596936455,0.005286951964180453,False,seed35
ecoevolity,0,0.022972452187128657,0.030825305533614362,1.0000970174485753,3279.2994026698652,0.95,0.028617887189335858,0.0324316671318166,False,0.02892750021857605,0.032542338311921944,False,seed166
starbeast,0,0.022972452187128657,0.03170872831512888,1.0033034629257034,517.0819585712824,0.95,0.030572989782210624,0.03275810256077896,False,0.03061194720881344,0.03278859681024523,False,seed166
ecoevolity,0,0.002102265128993296,0.003274627731199244,1.0007230968984138,3897.827666072736,0.95,0.002910567892160177,0.003663365432213036,False,0.002910567892160177,0.0036617927558399844,False,seed60
starbeast,0,0.002102265128993296,0.0024816344213316353,1.0052596319152676,1004.4017911322836,0.95,0.0021973722339845413,0.0027834676708746197,False,0.002197237857032057,0.00278292324850304,False,seed60
ecoevolity,0,0.10765103730226427,0.1340144084773878,0.9999071738047868,3675.195389273888,0.95,0.13107815186056174,0.13667177729141056,False,0.1312307372218342,0.13678593081363247,False,seed147
starbeast,0,0.10765103730226427,0.13446709273190258,1.0002667089910138,587.770937765353,0.95,0.13199276836159438,0.13685901115791466,False,0.1319663061010284,0.13679492065599685,False,seed147
ecoevolity,0,0.09156945084731936,0.10798797182946306,0.9998793240776211,4000.0,0.95,0.10528298872548512,0.11036934904429688,False,0.10552561073684867,0.11052564974622657,False,seed177
starbeast,0,0.09156945084731936,0.10816607692403267,1.0006309109076328,440.11325750174035,0.95,0.1058842654859634,0.11024261449342154,False,0.105935688245706,0.11026799437893804,False,seed177
ecoevolity,0,0.018927453824801533,0.010594007546808669,1.000057431006499,2733.186585831781,0.95,0.009207609328819344,0.01212064100915745,False,0.009116799792812809,0.012004424022401657,False,seed120
starbeast,0,0.018927453824801533,0.02499543613919036,1.0121924663903312,332.62845562053525,0.95,0.023800866207706863,0.02611325332707315,False,0.023875958357964425,0.02617641263512896,False,seed120
ecoevolity,0,0.09173797937025016,0.11347526025119267,1.0003619755087432,3482.7111366660242,0.95,0.11078959299528686,0.11589124763478455,False,0.11075915609757143,0.11581260601312365,False,seed5
starbeast,0,0.09173797937025016,0.11357192543216495,1.0000621689941378,752.485841528912,0.95,0.11137010158664508,0.11571071243569968,False,0.11137010158664508,0.11571003694944686,False,seed5
ecoevolity,0,0.01751140034612074,0.038027031401700384,1.00068495391146,4000.0,0.95,0.03575781407238676,0.03971401219697344,False,0.03601050153487596,0.039897640667800285,False,seed18
starbeast,0,0.01751140034612074,0.034795174245721566,1.0000146975000301,1036.5869732118742,0.95,0.033003543211606284,0.03639893116953122,False,0.033075812515689834,0.03644564781836947,False,seed18
ecoevolity,0,0.09905349055197846,0.12991081940757382,1.0002967351098422,3118.635190810452,0.95,0.12697239953289993,0.13244866887725934,False,0.12721242667423774,0.13263636862282396,False,seed183
starbeast,0,0.09905349055197846,0.1300264765289602,0.9999572363502192,622.282427569119,0.95,0.127532424828125,0.1324083296432348,False,0.12754635596664676,0.13240942306190115,False,seed183
ecoevolity,0,0.0563677240340708,0.07746293697123133,0.9998741766385492,3215.2567571665763,0.95,0.07487612879250886,0.07955548786303981,False,0.07509620384355517,0.07968143545029234,False,seed171
starbeast,0,0.0563677240340708,0.07822788868836254,1.0014293021763974,515.6016868475203,0.95,0.0764123050069641,0.07995440467669204,False,0.07637627881789345,0.07989025154288497,False,seed171
ecoevolity,0,0.03449274823385446,0.04732773599308055,0.9999826620555736,3437.863645283579,0.95,0.045087291285318534,0.04904024705517517,False,0.04529190381780044,0.04917838782549811,False,seed136
starbeast,0,0.03449274823385446,0.04719969381025384,1.000128751396541,289.5777109766657,0.95,0.045428242841622,0.04884057737773742,False,0.0454663655979743,0.04886531555705122,False,seed136
ecoevolity,0,0.017933659889129004,0.035194216475227164,0.9997368648606594,4000.0,0.95,0.032932391797419566,0.03687732135197792,False,0.0332724937376891,0.03711137592805292,False,seed195
starbeast,0,0.017933659889129004,0.03460338402642736,1.0050436866453794,453.0381397991339,0.95,0.0330928943346318,0.03616793603623454,False,0.033050694496074125,0.036094939352306295,False,seed195
ecoevolity,0,0.034088919298680506,0.044150781852212974,0.9995467240438912,3901.129883777191,0.95,0.041835493978835264,0.045849925795478,False,0.04182999713975803,0.04582939051141605,False,seed187
starbeast,0,0.034088919298680506,0.044984363273341516,1.013198420105149,412.7113799277131,0.95,0.04368930603685623,0.046214456835665024,False,0.04365341371322291,0.04616996073623841,False,seed187
ecoevolity,0,0.0015824294734419007,0.002385387015422717,0.9995798825559452,4000.0,0.95,0.00211244006143535,0.002664742426634493,False,0.0021101821153772737,0.002656010179314591,False,seed113
starbeast,0,0.0015824294734419007,0.0019378902187040855,1.0003741607099126,744.141233086661,0.95,0.0017216581295198612,0.0021557218083973423,False,0.0017112527177200224,0.0021415140481598686,False,seed113
ecoevolity,0,0.029001462554245436,0.038141181376627406,1.0003121452343366,4000.0,0.95,0.03577644487931534,0.039854111966783186,False,0.036078786812958716,0.04002112365989918,False,seed91
starbeast,0,0.029001462554245436,0.038318011310650935,1.0001996174006358,380.64982768331237,0.95,0.03684775689831248,0.03968148604836261,False,0.03691100287459949,0.03973391077025469,False,seed91
ecoevolity,0,0.05586476668216014,0.0683283847658426,0.9999099127813268,3480.0762944455564,0.95,0.06591517817937008,0.07027933478613474,False,0.06602257054795109,0.07034684881767983,False,seed81
starbeast,0,0.05586476668216014,0.06909703224237565,0.9998735979301091,425.934960648784,0.95,0.06744320121557804,0.0706702743133913,False,0.0674572916398716,0.0706749068885438,False,seed81
ecoevolity,0,0.020061573037944,0.02861947053675893,0.9995737056888496,4000.0,0.95,0.026372307455156653,0.030242956472951117,False,0.02656935464209572,0.030323433594179595,False,seed121
starbeast,0,0.020061573037944,0.02830972706866331,1.0000222057694617,625.8679906861762,0.95,0.027053273056418158,0.02956656600899577,False,0.02704845098698745,0.02954645730746673,False,seed121
ecoevolity,0,0.01184448091345507,0.017433010473369006,0.9999963827131272,3613.593821541971,0.95,0.01536902229064015,0.01898690240496743,False,0.015666057466059438,0.019148060058195488,False,seed28
starbeast,0,0.01184448091345507,0.01814877409156184,1.0169603142398118,328.7782785738755,0.95,0.017201457738013178,0.019062339115608857,False,0.017197138429819066,0.01905242806758331,False,seed28
ecoevolity,0,0.04131321465885481,0.059777988593811886,1.0000067201519498,3848.884709385111,0.95,0.05737501770089527,0.061682956796271324,False,0.057498509331691885,0.06175489810226732,False,seed123
starbeast,0,0.04131321465885481,0.060124595333178224,1.0025177258556943,460.3742493406742,0.95,0.058538230847035765,0.06164676382614481,False,0.058646380733587376,0.061734562579674114,False,seed123
ecoevolity,0,0.1069920354957213,0.13340149191976813,1.000312286896195,4000.0,0.95,0.13045504292583215,0.13598509861255045,False,0.13048811582001038,0.13599801519973656,False,seed165
starbeast,0,0.1069920354957213,0.1341848431923787,1.0073834654931688,537.7166523893178,0.95,0.13167776695820865,0.13661401287850522,False,0.13179025262807645,0.13671789315437827,False,seed165
ecoevolity,0,0.0005873342724433246,8.185878299889287e-05,1.0158445536954208,157.4875841984555,0.95,3.938745961467733e-05,0.00013560777952716975,False,3.684312107452973e-05,0.00013177638116832765,False,seed135
starbeast,0,0.0005873342724433246,0.0006384266606364751,1.050216291416516,252.08149710834857,0.95,0.0005231661706765633,0.0007606046054374651,True,0.0005221134839207475,0.0007588712156447624,True,seed135
ecoevolity,0,0.017267192053436485,0.035062547801663624,0.9998297075066318,4000.0,0.95,0.03267127019117152,0.03681309190186144,False,0.03302645812364933,0.037011450792764265,False,seed115
starbeast,0,0.017267192053436485,0.0303050785785499,1.0075471185534894,664.1628986933375,0.95,0.028523514642536937,0.03200901245485892,False,0.028502673918481363,0.03197872243280333,False,seed115
ecoevolity,0,0.12025254813988802,0.14487349984190212,0.9995943275931212,3372.72300196282,0.95,0.14190363051617005,0.14759648401893655,False,0.14207311909744122,0.14772281534039874,False,seed75
starbeast,0,0.12025254813988802,0.1453559879428414,0.9999840302535592,709.5443423365966,0.95,0.14274261348305398,0.14790708944984785,False,0.14291461504943972,0.14803541415831126,False,seed75
ecoevolity,0,0.013129066441138771,0.01806460675229668,1.000953891243936,3534.4240461157115,0.95,0.015814550405505137,0.019620472375498226,False,0.01614692596522449,0.019766765825625685,False,seed56
starbeast,0,0.013129066441138771,0.019197436440513704,1.0114229105156722,295.0023514795288,0.95,0.01826901067542433,0.020088094686720438,False,0.01830273940231863,0.02011147422834394,False,seed56
ecoevolity,0,0.0008432336070034028,0.0006877439858147716,1.0012409079491802,624.6430819255829,0.95,0.0004966667295702464,0.0008862893976845443,True,0.0004901469117009424,0.0008756412558110909,True,seed104
starbeast,0,0.0008432336070034028,0.0009193304243271454,1.0004371885053407,399.2064465009064,0.95,0.0007671380062520094,0.0010714486617810024,True,0.0007637840019918558,0.0010676341959723892,True,seed104
ecoevolity,0,0.030315648089651467,0.04055836903676939,1.0001078499852616,3711.767514044413,0.95,0.038378476076494035,0.04224558219559184,False,0.0386067187671852,0.04235627447079597,False,seed53
starbeast,0,0.030315648089651467,0.04148875825940612,1.0009019744864542,649.1100221614664,0.95,0.040371132811175665,0.04264287381736133,False,0.04040693317353671,0.042671769544253176,False,seed53
ecoevolity,0,0.018418326792873457,0.030613173251144838,1.0009149556051842,4000.0,0.95,0.028461748678538942,0.03222897521461208,False,0.028785790654809257,0.03246226988716072,False,seed2
starbeast,0,0.018418326792873457,0.03146732506774507,1.0002466868919335,464.84521309970904,0.95,0.03026380392094837,0.032565851488221303,False,0.030287151196952456,0.0325805601306918,False,seed2
ecoevolity,0,0.025374372658092875,0.04115185395179383,1.0002000728854532,4000.0,0.95,0.038920194039975375,0.04285569367160876,False,0.039076794574242124,0.042934234141316106,False,seed164
starbeast,0,0.025374372658092875,0.04205040597167159,1.0003616787063478,448.38048823487145,0.95,0.0407400888362792,0.043284355356504836,False,0.04074497298450465,0.04328501020936355,False,seed164
ecoevolity,0,0.00574373215979265,0.005696833339847081,0.9996624729721776,4000.0,0.95,0.004939547456206274,0.0065451700538006535,True,0.004901383560993228,0.006490528982387842,True,seed119
starbeast,0,0.00574373215979265,0.006920303517479388,0.9998724537300002,851.9684220787027,0.95,0.0062565620568781405,0.007584469758714141,False,0.006260557372248226,0.0075853787670371285,False,seed119
ecoevolity,0,0.07181954448916497,0.08828035625908214,0.9997809426156862,2924.1844336540416,0.95,0.08568392651296387,0.0904870479371894,False,0.0858988844451611,0.09060077572793168,False,seed92
starbeast,0,0.07181954448916497,0.08888100048743419,1.000344852776858,433.80516741638985,0.95,0.08693174411670439,0.0907640435785088,False,0.0868796197697434,0.09068415779061592,False,seed92
ecoevolity,0,0.04387224342653781,0.0568582495110587,1.0002146726769297,3899.833164892544,0.95,0.05454302838750797,0.058707223732331774,False,0.0546168721431024,0.05876008569830014,False,seed179
starbeast,0,0.04387224342653781,0.057522150764575376,1.0012665622181047,478.3806670885295,0.95,0.0560403899866699,0.058938148267426514,False,0.0560812585842874,0.058962987230340165,False,seed179
ecoevolity,0,0.02211369988441503,0.034723946287649785,0.9999110222386294,4000.0,0.95,0.032524551674708316,0.036357907618726114,False,0.03266602835116239,0.036424166438952785,False,seed61
starbeast,0,0.02211369988441503,0.03314004492484651,1.0041516404849091,768.9492179839382,0.95,0.03168269648798965,0.03459618219885899,False,0.03165107678475844,0.034551628674669016,False,seed61
ecoevolity,0,0.0016223287375628404,0.002565180598432368,0.999686618549591,4000.0,0.95,0.002346426128669589,0.002788197853590553,False,0.002350078265102769,0.002790267225397891,False,seed182
starbeast,0,0.0016223287375628404,0.0020070051666220817,0.9998709772615356,681.6931000896168,0.95,0.0018235215673090813,0.0021985119647377066,False,0.001821775232639011,0.002194880610283229,False,seed182
ecoevolity,0,0.04293770518100263,0.05728525266858956,1.000004439747319,4000.0,0.95,0.05497114408591658,0.059177920505298125,False,0.055178913740782896,0.05930293848531131,False,seed90
starbeast,0,0.04293770518100263,0.058125772960859426,1.005019101308284,564.3711154951612,0.95,0.05666564111837486,0.05954763414960192,False,0.05672676514750919,0.05958939094936975,False,seed90
ecoevolity,0,0.1651333032390954,0.20186923263018824,1.0000792165464978,4000.0,0.95,0.19821406829477056,0.20545049547306266,False,0.19814118733285807,0.2052976325421152,False,seed21
starbeast,0,0.1651333032390954,0.20215899111565194,0.9998695707991864,941.661744851616,0.95,0.1987787741601406,0.20546123267125324,False,0.1987683092099368,0.20541969657439035,False,seed21
ecoevolity,0,0.09813818882419977,0.11966061717178693,0.9997149319502768,4000.0,0.95,0.1168346407625045,0.12220297319799135,False,0.11684786542573745,0.1222087289869035,False,seed168
starbeast,0,0.09813818882419977,0.12022830206819338,1.0132354238458654,771.9444022799457,0.95,0.11803528617753528,0.1224287374425861,False,0.1180584564772472,0.12243174813053916,False,seed168
ecoevolity,0,0.12417819354990575,0.15843056028620206,0.9997153995047654,4000.0,0.95,0.15529603911690848,0.16131443838277518,False,0.1553307242559262,0.16134520898253574,False,seed109
starbeast,0,0.12417819354990575,0.1587880250767143,1.0019136313280097,732.3381590979183,0.95,0.15598660824663496,0.1615391490544063,False,0.15606590228572445,0.16159578283842058,False,seed109
ecoevolity,0,0.06118926569722565,0.07777322927200954,0.9997534141187536,4000.0,0.95,0.07534835367756422,0.07974358985065434,False,0.07550248096114474,0.07983519242863941,False,seed24
starbeast,0,0.06118926569722565,0.07835470631590925,0.999870292844774,528.128188358074,0.95,0.07656741809846977,0.08005013916714142,False,0.07663092315928975,0.08009637094881407,False,seed24
ecoevolity,0,0.042046316448164534,0.05610845015555599,0.9997839570864712,4000.0,0.95,0.05367728289443966,0.05800768929430511,False,0.05386031810735012,0.058080515793791636,False,seed44
starbeast,0,0.042046316448164534,0.056870818223049326,1.0001519728694752,623.2216012131224,0.95,0.055442248725543125,0.05822628105749009,False,0.055533918551804264,0.058297581412906474,False,seed44
ecoevolity,0,0.0177939608661944,0.02205894454743604,0.9998575371555601,2402.287283992778,0.95,0.0191461110842626,0.023821929447152945,False,0.019612963190785183,0.024049361583150453,False,seed108
starbeast,0,0.0177939608661944,0.02280661036127732,1.00516586187114,379.2125581430016,0.95,0.021731803810102642,0.023859803648339298,False,0.021780704237257247,0.02390230020517508,False,seed108
ecoevolity,0,0.01620252017260412,0.02269769129084146,1.000937632498036,2090.960678258336,0.95,0.019758520030350883,0.024459720478918343,False,0.020327060850657698,0.024757316146179768,False,seed41
starbeast,0,0.01620252017260412,0.02360905009137897,1.0039248696696097,355.19436840255713,0.95,0.022514731411122573,0.024636054189743798,False,0.02251166300567024,0.024628250677199558,False,seed41
ecoevolity,0,0.0621548010326831,0.07911382366551213,0.9995856223139372,4000.0,0.95,0.07652904808260874,0.08118601656108766,False,0.07685184744512899,0.08135597882019545,False,seed31
starbeast,0,0.0621548010326831,0.07992331061062859,1.01399195748761,572.9981872521437,0.95,0.07821990318865109,0.0816163497990222,False,0.07822774313412269,0.0816171238701351,False,seed31
ecoevolity,0,0.01826623143429592,0.03303622971956035,1.0003490603353895,4000.0,0.95,0.030777734159972262,0.03466562435162548,False,0.031133770510586682,0.03491840237574068,False,seed125
starbeast,0,0.01826623143429592,0.03362432724858836,1.0071072193734796,440.90981993769026,0.95,0.03226473409171705,0.03483493040596085,False,0.03232735740700805,0.03486914964231992,False,seed125
ecoevolity,0,0.00150933164830626,0.001256935162577082,1.0009462071755386,1660.8726182461105,0.95,0.0010259394842117313,0.0014979265020861991,False,0.0010182206583723057,0.0014879317551952243,False,seed79
starbeast,0,0.00150933164830626,0.0017602352345631356,1.0052837020928742,725.3861528582611,0.95,0.0015465577679355234,0.001984739401524465,False,0.0015465577679355234,0.001984070170630961,False,seed79
ecoevolity,0,0.014733044058246606,0.01635124762799298,1.0295569789371966,189.53377577567298,0.95,0.01159704035709185,0.023902048242885943,True,0.01169435298508978,0.023963974012842386,True,seed199
starbeast,0,0.014733044058246606,0.021066321777742016,1.0056831726165743,767.5376404961683,0.95,0.019900714430175426,0.02216395992601279,False,0.019921265270172156,0.022179181678753192,False,seed199
ecoevolity,0,0.004464248575246578,0.007312298373887995,1.0001169126835832,2776.203913937953,0.95,0.006129118399120784,0.008713041342526416,False,0.00602575861133668,0.008579595588575,False,seed190
starbeast,0,0.004464248575246578,0.005397882233192656,1.0004571456478537,1132.5786704364225,0.95,0.004722132042261068,0.006096686349902664,False,0.004733384170996398,0.006099445411461352,False,seed190
ecoevolity,0,0.015098544068477162,0.020026244373600528,1.0012708171823967,3049.646745532325,0.95,0.0174762529984689,0.02169154164826732,False,0.01780756805487856,0.021839835569471267,False,seed82
starbeast,0,0.015098544068477162,0.0208508923432588,1.0072255407222095,283.4170805241156,0.95,0.019771913396007732,0.02185238906426828,False,0.019839814255327343,0.02191291008562608,False,seed82
ecoevolity,0,0.08740315428429389,0.1052613860678214,0.999841531738756,3755.005695330327,0.95,0.10263920033344867,0.1075341424794782,False,0.10277449873365244,0.10759897335622004,False,seed65
starbeast,0,0.08740315428429389,0.10565276731484058,0.9998864613056699,534.380777661269,0.95,0.10359332870238497,0.10770348284145112,False,0.1035816211404386,0.1076715754988819,False,seed65
ecoevolity,0,0.06817144902470539,0.08765536448967823,1.000663522130431,3921.999872071177,0.95,0.08511318672883643,0.08986775935784086,False,0.08530044315965392,0.09001133264405196,False,seed174
starbeast,0,0.06817144902470539,0.0883193242908462,0.9999966572890366,545.0557507236865,0.95,0.08645164783633105,0.0901422998086179,False,0.08643845367769365,0.0901205840696128,False,seed174
ecoevolity,0,0.03470800182634685,0.046068392127846185,1.0011007669944,3281.7915861504903,0.95,0.043722596873865,0.04787802019858475,False,0.04389828104098743,0.04796733861337571,False,seed73
starbeast,0,0.03470800182634685,0.04647702222103888,1.0020476165094463,381.75184917853636,0.95,0.04493789266290922,0.047907911871712464,False,0.044942265412785454,0.047907911871712464,False,seed73
ecoevolity,0,0.14357630255268458,0.17726257305727475,1.0002087360805214,3366.608239291804,0.95,0.17403448647008507,0.18041474113053887,False,0.17425404325251664,0.18060932680724914,False,seed58
starbeast,0,0.14357630255268458,0.17781967960874218,1.000195949637681,1015.4528439142143,0.95,0.17476811412542076,0.1807181192098404,False,0.17474871267782194,0.18067165311821726,False,seed58
ecoevolity,0,0.037837651250878415,0.05745939044135291,1.001265774300144,3541.9019728900817,0.95,0.05510543973811958,0.0593783763174131,False,0.05529227136204424,0.05947202799882499,False,seed99
starbeast,0,0.037837651250878415,0.05829184317342832,1.0008280588289602,605.5247110885363,0.95,0.0567924935134905,0.059661534215660825,False,0.056840694048125175,0.05969027876733138,False,seed99
ecoevolity,0,0.056555283579513435,0.07084686063304614,1.0007588198356,4000.0,0.95,0.06838657686915761,0.07284463251167272,False,0.06860391132051477,0.07301971669880128,False,seed126
starbeast,0,0.056555283579513435,0.07153753899297775,1.0041080434265184,512.8538251752226,0.95,0.0699131420138675,0.07305889257451223,False,0.06991003708712956,0.0730510450836764,False,seed126
ecoevolity,0,0.10069024502300686,0.12904861345147242,0.9999007732255354,4000.0,0.95,0.1261007815463519,0.1316861937249458,False,0.1264596918273382,0.13194672854198486,False,seed137
starbeast,0,0.10069024502300686,0.12945000912184235,1.000429959360233,787.4333694978359,0.95,0.12707084658742848,0.13180260535339666,False,0.12721148242842512,0.13191759420764854,False,seed137
ecoevolity,0,0.052632550334741034,0.07300755512218128,0.999634100535124,4000.0,0.95,0.07055136784307729,0.07503401230338384,False,0.07081538230282505,0.07522799615464726,False,seed141
starbeast,0,0.052632550334741034,0.0736570282814586,0.9999511891055513,638.8899007405346,0.95,0.07196030710187831,0.07524383769642358,False,0.07197828375417556,0.07524955581466451,False,seed141
ecoevolity,0,0.005001513545787785,0.0044788609845699545,1.0002654651116831,1997.206420665131,0.95,0.0039266821736409965,0.005027252576786489,True,0.003919226906112876,0.005017469434757839,True,seed66
starbeast,0,0.005001513545787785,0.005114658750520101,1.0008101573402344,809.0449513968013,0.95,0.004577630642353594,0.00565291939807914,True,0.004550983264190222,0.005620326593937013,True,seed66
ecoevolity,0,0.0013333159909772769,0.0009936603592909982,1.0008161010875023,2124.8901328163925,0.95,0.0007900812521916447,0.0012101272559230756,False,0.0007946989171165323,0.0012120898361013385,False,seed118
starbeast,0,0.0013333159909772769,0.0012725056905735618,0.9999855172818412,478.4090988623314,0.95,0.001078589712461154,0.0014626942999089265,True,0.0010772112348089089,0.0014579163959611671,True,seed118
ecoevolity,0,0.02872716486282205,0.04351391097164331,1.0001570008125509,3177.687415835755,0.95,0.04123813674214482,0.045215192330707504,False,0.04131906853980248,0.04522909320661672,False,seed57
starbeast,0,0.02872716486282205,0.0438141982232232,1.0138856106298102,342.9113356360828,0.95,0.04227015359272762,0.04518568527276079,False,0.042346955688742284,0.045223732566929006,False,seed57
ecoevolity,0,0.02680230391454073,0.03462845341291084,0.99981479526275,4000.0,0.95,0.03244958978570879,0.036215114070276604,False,0.03268736251323676,0.03632642134048164,False,seed155
starbeast,0,0.02680230391454073,0.03529595757195297,1.0032330966565548,431.6503986404439,0.95,0.034090176815848465,0.03643496352572019,False,0.034098454707278916,0.03644018276878494,False,seed155
ecoevolity,0,0.04640536649723629,0.057126639768459164,1.0000994148225257,3810.57505850156,0.95,0.05480033450082397,0.05901393071077025,False,0.054892276843475536,0.05906781914443019,False,seed9
starbeast,0,0.04640536649723629,0.05810937666341514,1.0021269264182122,476.3722275233185,0.95,0.05654202534220015,0.05953789774943189,False,0.0565128107204169,0.05948845901501845,False,seed9
ecoevolity,0,0.01708057354527528,0.02158467726520369,1.0025885901861529,2927.0747161885142,0.95,0.018966355766947114,0.023329052275202298,False,0.019328654144583592,0.023471063707965336,False,seed4
starbeast,0,0.01708057354527528,0.02272638424883457,1.0004094720693075,269.48777134743614,0.95,0.021736720488076226,0.023674194353360208,False,0.02176409761260072,0.023696513110739437,False,seed4
ecoevolity,0,0.058857487519826175,0.07513837165528703,0.9998351014477744,4000.0,0.95,0.0727351621976783,0.07716192056504857,False,0.07291510645643459,0.07729959281210155,False,seed200
starbeast,0,0.058857487519826175,0.07584283008496652,0.9998708209903407,579.6185836946893,0.95,0.07418756355051627,0.07745950253345274,False,0.0742465134359583,0.07749273337624482,False,seed200
ecoevolity,0,0.015038086267738825,0.03128158485070147,1.0020767477260115,2885.108382247947,0.95,0.029128540566476995,0.03291793313408785,False,0.02938183574419896,0.03305947106931139,False,seed154
starbeast,0,0.015038086267738825,0.030884813103732724,1.006926620217787,392.79551087309375,0.95,0.029462946078596626,0.03235039171871573,False,0.029450083306323607,0.0323169537422479,False,seed154
ecoevolity,0,0.06325019635704637,0.0809305953133441,0.9997663455829008,4000.0,0.95,0.07838740436678941,0.08304053939962755,False,0.07862804857132795,0.08322187423520122,False,seed72
starbeast,0,0.06325019635704637,0.08148124522482375,1.001082141472183,561.9737639721329,0.95,0.07970098819568958,0.0832355400839733,False,0.0797655321503413,0.08326858111066231,False,seed72
ecoevolity,0,0.012206453823411643,0.026898796524779632,1.0001712162724816,4000.0,0.95,0.02468498397755149,0.028518677017238588,False,0.024827981199817724,0.028591975367129964,False,seed74
starbeast,0,0.012206453823411643,0.02731678607453836,1.006854020542156,306.9097274439506,0.95,0.02602447091469487,0.028627223786912705,False,0.02600999551678059,0.02858702175389786,False,seed74
ecoevolity,0,0.0012592248091095914,0.0018987748447188149,0.9998838382580147,3981.4820250681987,0.95,0.0016721293569854432,0.0021364610313974355,False,0.001671440297678658,0.0021337546933992363,False,seed80
starbeast,0,0.0012592248091095914,0.0016878665851402506,1.0003230466868682,1084.2782392418565,0.95,0.001501050157893408,0.001882044102139984,False,0.0015026602023710607,0.001882958107642016,False,seed80
ecoevolity,0,0.12191446953611518,0.15179772672305322,0.999772847414564,3774.211468663144,0.95,0.1486969713480925,0.1546288268183513,False,0.1487968946110689,0.15468302314006907,False,seed64
starbeast,0,0.12191446953611518,0.15232010201884802,1.002013392165574,1117.9327366228829,0.95,0.14973541298397378,0.15491267889432472,False,0.14986287597341633,0.1550193554215296,False,seed64
ecoevolity,0,0.0532525019847642,0.06584046780014231,1.0000701984128455,3420.6129951906073,0.95,0.0634379231801108,0.06781418327864235,False,0.0635771074311363,0.06787895992677752,False,seed134
starbeast,0,0.0532525019847642,0.06661207056613681,1.0021681394507231,555.3375309262523,0.95,0.0650485261067319,0.06813809321587197,False,0.06501809160431085,0.06808930477215971,False,seed134
ecoevolity,0,0.09195341809630472,0.11443274957866699,1.0002947669835336,3980.969119346401,0.95,0.11166776804910156,0.11687988739029,False,0.11192246132240703,0.11701594192598498,False,seed150
starbeast,0,0.09195341809630472,0.11502366593690333,1.0030530066769054,760.8440888306022,0.95,0.11289625601315405,0.1171245695659403,False,0.11294667195426925,0.1171411900114424,False,seed150
ecoevolity,0,0.061082407769725525,0.07974811166944692,0.9998788217108698,3016.780417001126,0.95,0.07728453900523177,0.08180614104066257,False,0.07742917900510674,0.08194065904317811,False,seed87
starbeast,0,0.061082407769725525,0.0804629273110427,1.004697938482709,540.5408987353682,0.95,0.07870370136616349,0.08218843542732836,False,0.07874770792898968,0.08222703260271881,False,seed87
ecoevolity,0,0.09503377069465453,0.11820952069858925,1.0000183825617992,3756.9034481185354,0.95,0.1152966289065098,0.12074090207629175,False,0.1155881010408357,0.12094624159740434,False,seed184
starbeast,0,0.09503377069465453,0.11894840274816855,1.0153720528583874,677.4491597104402,0.95,0.11670304444355553,0.12115366618090985,False,0.11669177376606908,0.1211369024647208,False,seed184
ecoevolity,0,0.1202331407809597,0.14810766922331842,1.0001256484623506,4000.0,0.95,0.14503414605316312,0.1508846348328355,False,0.14518030613876884,0.1509720474632691,False,seed7
starbeast,0,0.1202331407809597,0.1485777020722268,1.0034478755475753,768.4032934039896,0.95,0.14589217584669514,0.15117302375387415,False,0.14583647073352282,0.15108793186988245,False,seed7
ecoevolity,0,0.04607054502122983,0.05847381873823821,0.9997971632913673,3530.69634748767,0.95,0.05610300133746239,0.060331972092057234,False,0.056344721185115236,0.06053929955055753,False,seed101
starbeast,0,0.04607054502122983,0.05934959564280621,1.0001193851459709,472.99410812427817,0.95,0.05784264396175628,0.06081687101638149,False,0.057898447003205976,0.06084827330384517,False,seed101
ecoevolity,0,0.10887073109413456,0.13955570567173906,0.9995435576495216,4000.0,0.95,0.13661487866048436,0.14234912849966352,False,0.13686461923012885,0.14253683918561688,False,seed96
starbeast,0,0.10887073109413456,0.1399043918058147,1.005667315302644,698.404143864576,0.95,0.13745095368652552,0.1423216197200455,False,0.1375350865910723,0.14238952967802804,False,seed96
ecoevolity,0,0.027630472779627564,0.03655599848168697,1.000249893329157,3596.7017679827754,0.95,0.034248295249706774,0.038309507907316576,False,0.034712546578750024,0.03864831858372069,False,seed107
starbeast,0,0.027630472779627564,0.03748959613263577,1.0248026337678475,393.6246291755048,0.95,0.03628654920596485,0.03862409688261932,False,0.03632885077395781,0.03864225851073096,False,seed107
ecoevolity,0,0.005204282482018193,0.012613867318883169,1.0037431924643905,1367.7081540462304,0.95,0.009357577217820951,0.01446091093272971,False,0.00980270126698852,0.01465560971769173,False,seed197
starbeast,0,0.005204282482018193,0.008159499722922283,1.0012137236649905,550.3165440318741,0.95,0.007177303456578629,0.009200699661422016,False,0.007100223328059907,0.009113655139246151,False,seed197
ecoevolity,0,0.009382250969428818,0.020052278699756367,0.9996676639809496,3630.531062323254,0.95,0.017802436346467502,0.021639991977778092,False,0.01811374966229624,0.02177333213208956,False,seed62
starbeast,0,0.009382250969428818,0.02084953962065623,1.0009617896385292,387.76852386860855,0.95,0.01980807408230017,0.02182944886739714,False,0.019855744482147112,0.02186212435966613,False,seed62
ecoevolity,0,0.04566575187735589,0.0606656637858979,0.999866985742158,4000.0,0.95,0.058377697806244036,0.06254541567698335,False,0.05838043092240235,0.06254541567698335,False,seed43
starbeast,0,0.04566575187735589,0.06153528990174353,1.0087803219954652,622.8205387905443,0.95,0.06008009098966219,0.0629598699475572,False,0.0600777547794314,0.06294970176579423,False,seed43
ecoevolity,0,0.02088038960289728,0.03253349002498406,1.000525584128861,3791.013934474814,0.95,0.02999362223569325,0.03424759834209378,False,0.03041671299429726,0.034518402552118126,False,seed88
starbeast,0,0.02088038960289728,0.030184839576936462,0.9999105367857904,1006.7692310388318,0.95,0.02874868915629538,0.031500219725217465,False,0.028801611386740776,0.03153797077026283,False,seed88
ecoevolity,0,0.03818903209664403,0.05008235628421656,1.000301036095684,4000.0,0.95,0.04777750878140705,0.051923220880005096,False,0.04801757494767617,0.05207653774292472,False,seed169
starbeast,0,0.03818903209664403,0.051007011797701805,0.9998689978398124,548.5939290279123,0.95,0.0496325989736884,0.052316828658483416,False,0.049719797278624696,0.05237541716947475,False,seed169
ecoevolity,0,0.21203726078147386,0.25818117297559,0.9998402139986042,3423.740908138996,0.95,0.2538069440670052,0.2626775609402304,False,0.25402311741347017,0.2627965704788275,False,seed178
starbeast,0,0.21203726078147386,0.2580430838450384,1.0007365731094189,1443.0861102812091,0.95,0.2538574422851249,0.2622089944125643,False,0.2538574422851249,0.2622059745542885,False,seed178
ecoevolity,0,0.008666968814469874,0.01687306332598866,0.9996721901894764,3317.5042674052065,0.95,0.014348084422442684,0.018524275185892176,False,0.014577165725225938,0.018652132493299327,False,seed52
starbeast,0,0.008666968814469874,0.01526695039805996,1.0001174840209108,599.2442410375652,0.95,0.014141719794483228,0.016411509411704543,False,0.014106427146635602,0.016371300981699564,False,seed52
ecoevolity,0,0.020029217643930532,0.033491855658473325,0.9998012302814556,3297.192158141529,0.95,0.03128651197316862,0.035124066950870586,False,0.031583358471655,0.035285777600009026,False,seed54
starbeast,0,0.020029217643930532,0.033872169328751735,1.0000428281310365,381.1278946055722,0.95,0.03243512474494945,0.03512277413256036,False,0.03254222124600467,0.03519260668171963,False,seed54
ecoevolity,0,0.04351259116190972,0.054303130316324943,1.0007599862613674,4000.0,0.95,0.051907948330503856,0.0561758745197646,False,0.05222915640035354,0.056401205494970075,False,seed130
starbeast,0,0.04351259116190972,0.05521728677614891,0.9999705303578216,599.6463619306927,0.95,0.05379112900022665,0.0565597602564176,False,0.05381841182403647,0.0565753609699721,False,seed130
ecoevolity,0,0.0838284119021204,0.1034914928538654,0.9998854505702508,4000.0,0.95,0.10075393156439102,0.10586988963721153,False,0.10086502575249427,0.10593986328943608,False,seed138
starbeast,0,0.0838284119021204,0.10419924831392882,1.0049285250812248,584.4484616502199,0.95,0.10213086271404637,0.10621006459290797,False,0.10211631715423113,0.10618526370225999,False,seed138
ecoevolity,0,0.039413187667684334,0.05004614003360065,1.0000613886032548,3749.0359829766,0.95,0.047745924513566726,0.05183280859802724,False,0.047998209831949766,0.05200348798154309,False,seed42
starbeast,0,0.039413187667684334,0.05080372566755525,1.0006229342710673,385.04515268376883,0.95,0.04936159457912001,0.05213820349680375,False,0.0494414348092143,0.052201088463420614,False,seed42
ecoevolity,0,0.05328545085319967,0.06587132268532768,0.999813823205715,4000.0,0.95,0.06347805690136378,0.06786434304891721,False,0.0636218306121331,0.06795405068181742,False,seed78
starbeast,0,0.05328545085319967,0.06652312432672591,1.01452759753624,456.00415475830886,0.95,0.06488049345540624,0.06807689573237821,False,0.06488728935532719,0.06807824148624815,False,seed78
ecoevolity,0,0.03929828050097308,0.053390081122115865,1.0002461090041626,4000.0,0.95,0.051109599913777205,0.055269213279095855,False,0.0514332401415502,0.05549000728330933,False,seed110
starbeast,0,0.03929828050097308,0.053912708948631885,1.0178267054228034,510.0713487925988,0.95,0.0523784525691353,0.05532972108495639,False,0.0523674926098208,0.05530958446561648,False,seed110
ecoevolity,0,0.032432966431140395,0.05217219370892921,1.0019955180548012,4000.0,0.95,0.04995999764414113,0.054014008866945434,False,0.05015431142644021,0.054137792841455416,False,seed26
starbeast,0,0.032432966431140395,0.053024794532311466,1.0016537336371751,533.0198504970032,0.95,0.051526039841836034,0.054411792532954,False,0.051592275016408035,0.05445504628019995,False,seed26
ecoevolity,0,0.01630565965821109,0.023333489717498563,1.000688256663924,3762.3916644609053,0.95,0.0211781888711496,0.02489010544055656,False,0.02120554747255308,0.024891650837824426,False,seed17
starbeast,0,0.01630565965821109,0.02444600945951748,1.023099338939259,360.4520465550737,0.95,0.023485160661979903,0.025375964583725968,False,0.023484729845156885,0.02537173116856871,False,seed17
ecoevolity,0,0.10171612731171928,0.1302101408290066,0.9996666509212616,4000.0,0.95,0.1272794359410723,0.13275007485869006,False,0.1274328497469931,0.13288505569226172,False,seed13
starbeast,0,0.10171612731171928,0.1307159142333086,0.9998697943551929,740.8596177320039,0.95,0.12827151872770648,0.13305863766380355,False,0.12826979069681527,0.13303719073446862,False,seed13
ecoevolity,0,0.018217104306664383,0.024865963494127646,1.0037510397410516,712.0990093852107,0.95,0.021038211449777532,0.026885482483547312,False,0.021888073137723528,0.027179079004926485,False,seed94
starbeast,0,0.018217104306664383,0.02522934350221156,1.0008769864892282,421.4306324791459,0.95,0.023992884412596928,0.02643356173376596,False,0.023952117615436124,0.026369189739383573,False,seed94
ecoevolity,0,0.001455301248590493,0.0020756373976796925,0.9999947719201286,2153.060877182581,0.95,0.0017613347429962668,0.002399787534749915,False,0.0017543971485095425,0.002385098026386648,False,seed95
starbeast,0,0.001455301248590493,0.0015594810806780453,1.0103849988024012,450.7561948592626,0.95,0.0013585575530788154,0.001771862080872228,True,0.0013536176073735994,0.0017638564397434785,True,seed95
ecoevolity,0,0.009507962927024759,0.022263886925657932,0.999809121662388,1967.733922278244,0.95,0.019691213490852136,0.023883659938428132,False,0.020085990243528272,0.024021826565328492,False,seed185
starbeast,0,0.009507962927024759,0.012916058189027885,1.001705173232073,786.9152843116958,0.95,0.011585686244444155,0.014287489255228847,False,0.011581844578751074,0.0142759912377418,False,seed185
ecoevolity,0,0.04860148045762398,0.06293129056040936,0.9996679823277124,3217.9655222731994,0.95,0.06053535492975935,0.06488377386179983,False,0.06088547184391874,0.06516695153891966,False,seed59
starbeast,0,0.04860148045762398,0.06394593355953572,1.0008260530765356,548.7254483098075,0.95,0.06240614409575235,0.06541588696509013,False,0.062422637153365615,0.06542999742572714,False,seed59
ecoevolity,0,0.005825009627135936,0.012949929988867265,1.0004960952527633,2865.1897367091838,0.95,0.010725762927689498,0.014500534384604797,False,0.0111226789862387,0.014691324140158163,False,seed100
starbeast,0,0.005825009627135936,0.011992448335043909,0.9999207327854844,670.2018140011608,0.95,0.011003843090603128,0.01295670117993582,False,0.010973250140149538,0.012912899881624126,False,seed100
ecoevolity,0,0.07917883408634399,0.09857104295055877,1.0001809049393051,4000.0,0.95,0.09594350580729367,0.10082823445628494,False,0.09612207976365256,0.10093156454643208,False,seed69
starbeast,0,0.07917883408634399,0.0992662976623665,1.0000679642469694,779.4192786299002,0.95,0.09733782459696046,0.10114550252078224,False,0.09732849150485397,0.1011248183484231,False,seed69
ecoevolity,0,0.043938439807589096,0.05225521765843533,0.9997621656918866,3527.973984307373,0.95,0.04993869225031285,0.05407152105678382,False,0.050141511049964026,0.05417631823776886,False,seed19
starbeast,0,0.043938439807589096,0.05296549400742858,1.0060455935051753,462.3929265314652,0.95,0.051403386969051626,0.05433359433751011,False,0.051403386969051626,0.0543298486226881,False,seed19
ecoevolity,0,0.031671502230210584,0.04200738428279886,1.0001024530386182,4000.0,0.95,0.03971719770807276,0.043709574253332335,False,0.039993915532016984,0.04388155157296642,False,seed68
starbeast,0,0.031671502230210584,0.04305376798782744,1.0002506200362713,606.6569851766055,0.95,0.04182416341872138,0.04424365213732765,False,0.04186617988009474,0.04427678486248236,False,seed68
ecoevolity,0,0.038662825622956525,0.050289576096110566,1.0000390903517953,3981.255136667397,0.95,0.047912545026284205,0.052041665993444175,False,0.0479659049077728,0.0520755121522782,False,seed50
starbeast,0,0.038662825622956525,0.050986894465203686,1.001391360513999,463.2925844977816,0.95,0.049603488444113115,0.052299469955689584,False,0.049568730385148314,0.05225362256684928,False,seed50
ecoevolity,0,0.0065008503500705245,0.007813774212416125,1.0001810334196617,2931.050412161643,0.95,0.006887697861445914,0.00894171996564104,False,0.0068129187555454355,0.008835501260060273,False,seed103
starbeast,0,0.0065008503500705245,0.009206707311536687,1.0002388144546754,388.2855549092093,0.95,0.008677852777369977,0.009722692346459866,False,0.008668117210769726,0.009703605139674151,False,seed103
ecoevolity,0,0.01150234077487663,0.020782192557602983,1.0012888336750303,4000.0,0.95,0.018568775086646814,0.02235806181596601,False,0.01887892899510612,0.02253598299819161,False,seed163
starbeast,0,0.01150234077487663,0.02071724365540642,1.005559711486974,498.6404996284529,0.95,0.019489556990276057,0.021824978909066345,False,0.01947665719981034,0.021805307327746614,False,seed163
ecoevolity,0,0.10800737476310254,0.13116288129801218,1.0000780792535195,4000.0,0.95,0.1282996077483165,0.13379227289351056,False,0.12836297285170994,0.13383650909702127,False,seed156
starbeast,0,0.10800737476310254,0.13169153952626342,1.0003654626899734,589.8876499637466,0.95,0.1292646924619111,0.13401840141724616,False,0.1293730247776087,0.13406942265353122,False,seed156
ecoevolity,0,0.01099696569794136,0.013238868817468993,1.0084946515718962,228.4726235934372,0.95,0.007883210364207777,0.017996054052615486,True,0.008025912835460359,0.018098251055173768,True,seed198
starbeast,0,0.01099696569794136,0.016963144393947336,1.0000547208497952,373.6552781398591,0.95,0.01597310081263639,0.017960429186400992,False,0.01594433471423824,0.017924343637808808,False,seed198
ecoevolity,0,0.0679479824095107,0.08403198385537622,0.9996654284040324,2992.224454779647,0.95,0.08149249523715738,0.08608576131809224,False,0.08179795763146196,0.08630305111711392,False,seed167
starbeast,0,0.0679479824095107,0.08479840451622245,1.0004891090553871,536.5392387943239,0.95,0.08303452872850782,0.08655383276285218,False,0.08303026955784598,0.08654419352217951,False,seed167
ecoevolity,0,0.16836556153474888,0.19882823193027,0.9997347251804104,3876.964820852566,0.95,0.19518189115268586,0.20221186886507966,False,0.1953831943846707,0.20229554900869892,False,seed6
starbeast,0,0.16836556153474888,0.19877291660311108,1.0125742237532138,1050.9575256542107,0.95,0.19543282510875687,0.20207729089757026,False,0.195417405416086,0.20204467574498367,False,seed6
ecoevolity,0,0.022509389671227537,0.030997258189815424,1.0005986467743722,3958.364271048804,0.95,0.02864882695293668,0.03264480157323316,False,0.028990312738733117,0.032805966301518684,False,seed112
starbeast,0,0.022509389671227537,0.03165362472084753,1.016654378424671,308.6348867956499,0.95,0.030390310563027226,0.03281992684640643,False,0.03043484411111042,0.03285015512947313,False,seed112
ecoevolity,0,0.021205250654935625,0.0402953905722955,1.0007311509702104,3793.560309052683,0.95,0.037929757720323434,0.04205399611330738,False,0.03823232914485225,0.04225018381142308,False,seed22
starbeast,0,0.021205250654935625,0.035700190919741366,1.0156141501495692,769.5001089938628,0.95,0.03375035212937502,0.03747786269061978,False,0.03388829111574835,0.03756427452168127,False,seed22
ecoevolity,0,0.001971816208729058,0.00159644746200294,1.002198247811496,1059.6504877538393,0.95,0.0012912656300268616,0.0019469299286900047,False,0.001278596898280733,0.0019242136732998073,False,seed142
starbeast,0,0.001971816208729058,0.0019942619787549176,1.008394970091968,499.0805168807714,0.95,0.0017318344397483565,0.002253455691864286,True,0.001722318836925718,0.0022392830518980834,True,seed142
ecoevolity,0,0.014578663852439904,0.026404620001665942,1.000730655530316,4000.0,0.95,0.02417009611337916,0.02800827158589186,False,0.024431308020705048,0.02820006707234004,False,seed27
starbeast,0,0.014578663852439904,0.02648300976847869,1.007297894099335,407.5614290922838,0.95,0.025195869644815683,0.027734569827331516,False,0.02525203368373797,0.027783421574879574,False,seed27
ecoevolity,0,0.007305129653104886,0.01231551732160416,0.9995407553679304,2417.9392680691462,0.95,0.009818127284150295,0.014090242680112825,False,0.009963428077679505,0.014169662384552001,False,seed180
starbeast,0,0.007305129653104886,0.01174812700850398,1.0000353755327358,502.80728196332916,0.95,0.01078968555707581,0.012670112020975916,False,0.010823315039273184,0.012689739835090743,False,seed180
ecoevolity,0,0.07925744497913717,0.1093726486443419,1.0017035771552265,3551.443686668797,0.95,0.10664834967159822,0.1117611086788624,False,0.1067539770547745,0.11179975245688227,False,seed47
starbeast,0,0.07925744497913717,0.10996941470562976,1.004044437692824,535.9146142661513,0.95,0.10773301810705932,0.11212738701996744,False,0.10782788564475343,0.11219984989082812,False,seed47
ecoevolity,0,0.023062297068882347,0.036894499546215084,1.000626004295582,3994.3609711393688,0.95,0.03471749359741011,0.03858028593726224,False,0.034978139979452115,0.03877248966167912,False,seed151
starbeast,0,0.023062297068882347,0.0376238732665361,1.0020165803894017,366.26189620447394,0.95,0.03626534574717026,0.03886674337400438,False,0.03632264094823228,0.0389051386436505,False,seed151
ecoevolity,0,0.007470201485150377,0.009119250842614104,1.0014769043884395,2823.119500241077,0.95,0.007908456894761957,0.010591400746736548,False,0.0078108298630728094,0.010461407416630684,False,seed143
starbeast,0,0.007470201485150377,0.008879742877372756,0.999916592964444,1189.8086128889565,0.95,0.008173971426744945,0.009618609610482071,False,0.008167613905351484,0.009607343104681929,False,seed143
ecoevolity,0,0.01272533915524308,0.028181984696809995,1.0011357174511089,3498.264786868895,0.95,0.025961855526262668,0.029755684190633618,False,0.02621650297706545,0.029882719893293705,False,seed129
starbeast,0,0.01272533915524308,0.026106002721012583,1.005832641183021,643.1370370730652,0.95,0.02460013340852929,0.027587096061646416,False,0.02461900282496578,0.027594909191288382,False,seed129
ecoevolity,0,0.024831341562759582,0.04737632690987388,1.0006648918797836,3961.711021917026,0.95,0.04510729210639386,0.0491413744234488,False,0.045198939791050385,0.04917661696066089,False,seed93
starbeast,0,0.024831341562759582,0.043066711816642914,1.0008920465361062,889.5574762722987,0.95,0.04114976125878858,0.04498766030281066,False,0.04120761794397205,0.045020449535993365,False,seed93
ecoevolity,0,0.03747113109494751,0.04910216495494903,1.0001459924621503,4000.0,0.95,0.046849525565734164,0.0508719510611428,False,0.0471308683857084,0.05105615804632223,False,seed33
starbeast,0,0.03747113109494751,0.0498676595516793,1.0010056362959832,370.9556632692965,0.95,0.048451231830233116,0.05121026904883213,False,0.04849328496254962,0.05123074172152749,False,seed33
ecoevolity,0,0.07111260453672201,0.08993988732664435,0.9996974924017354,3631.1348036860345,0.95,0.08731809498126279,0.09208786055749206,False,0.08757393531157545,0.09226074507800064,False,seed158
starbeast,0,0.07111260453672201,0.09069945430146248,1.0036800876416379,703.0646227982436,0.95,0.08891177664431872,0.09243683476539884,False,0.08893605240257997,0.09245717044858387,False,seed158
ecoevolity,0,0.05982628281515419,0.07707591936213791,0.9997635200746542,2675.3436445795755,0.95,0.07456202593151935,0.07913271669874385,False,0.07472910057860872,0.07921364110682234,False,seed191
starbeast,0,0.05982628281515419,0.07759149458717254,0.9999168814148732,464.859085811661,0.95,0.07576789520489821,0.07931432964728398,False,0.07575830080061874,0.07929365227622143,False,seed191
ecoevolity,0,0.03861235479482668,0.0547523863372184,1.0001257188340544,3300.923504770691,0.95,0.052314873120076134,0.05660666088162309,False,0.05263432933384216,0.056794278482904435,False,seed46
starbeast,0,0.03861235479482668,0.05558223228606987,1.0038445086086003,633.5834382171155,0.95,0.05416881019415822,0.05695588945504325,False,0.05416881019415822,0.056953378409972936,False,seed46
ecoevolity,0,0.01895824455667031,0.02996247063122324,0.9995429698259599,3903.993076660881,0.95,0.027772907731931404,0.031601055176310684,False,0.028062161720759742,0.031745344822327895,False,seed196
starbeast,0,0.01895824455667031,0.029636247787880838,1.0017937794568794,365.65696143801284,0.95,0.028220009174054563,0.031052668299229456,False,0.02823148447869305,0.031058804919281986,False,seed196
ecoevolity,0,0.0870421528870533,0.11424568458001012,1.0003337536374373,3556.7608499130824,0.95,0.11143641544390953,0.11665217865985975,False,0.11169187177516364,0.11679054565198205,False,seed172
starbeast,0,0.0870421528870533,0.11483032891025355,0.999868592864364,740.0407864922162,0.95,0.11264353015020265,0.11701241746387404,False,0.11258725984641413,0.11693672992421275,False,seed172
ecoevolity,0,0.034362352521569856,0.04585733798930088,1.0003347582537767,3752.7112187645457,0.95,0.04367066612545698,0.04764463991893056,False,0.04387880931320586,0.04781382630476042,False,seed144
starbeast,0,0.034362352521569856,0.04680223988649862,0.9999793279452034,535.6349762945955,0.95,0.045510307239021205,0.04804298518809026,False,0.04551704559697719,0.048045517180741015,False,seed144
ecoevolity,0,0.05385435595979311,0.06517502190113045,0.9996235786597378,4000.0,0.95,0.06286436645805855,0.06706929478499585,False,0.06308439309964088,0.067227967172137,False,seed63
starbeast,0,0.05385435595979311,0.06545037933746069,1.0120043769588465,482.3153931313961,0.95,0.06372955394116847,0.06704080082178104,False,0.06380777032909764,0.06708251847939896,False,seed63
ecoevolity,0,0.00904463554546958,0.016194241930383404,1.0019459682827256,1206.433701166116,0.95,0.012549665391793292,0.01823008146621444,False,0.01315802449380149,0.01847336363267916,False,seed124
starbeast,0,0.00904463554546958,0.015311571887665932,1.0103560541261296,781.7155422739903,0.95,0.01426222416738694,0.016358470296317318,False,0.01429820161823099,0.01637837409802369,False,seed124
ecoevolity,0,0.06983861207926988,0.08824647345021655,0.9998786125339116,3977.6442311491296,0.95,0.08556714572910452,0.0904064952698076,False,0.0857512593425163,0.09046222097137976,False,seed76
starbeast,0,0.06983861207926988,0.08888231345127283,1.0001984494198133,398.55527735686417,0.95,0.08695689623013356,0.0907245951401086,False,0.08701525714915333,0.09076858830733693,False,seed76
ecoevolity,0,0.17133859497065504,0.20782916165867305,1.0008181769809523,4000.0,0.95,0.20413050319542692,0.21136946679665225,False,0.20417297983639407,0.2113897833984281,False,seed116
starbeast,0,0.17133859497065504,0.20799125301689025,1.005187015168708,882.0797324777768,0.95,0.20448820025698905,0.2114875033879774,False,0.20447658682150505,0.21146712313733426,False,seed116
ecoevolity,0,0.05623978873756945,0.07246545082640836,1.0000885763297307,3491.9174448796302,0.95,0.07002540981246566,0.07453974538549847,False,0.07017445275646024,0.07465595069091406,False,seed70
starbeast,0,0.05623978873756945,0.07327036680146364,1.0029453418040817,594.1272954335002,0.95,0.07162097996427877,0.07484459418170764,False,0.07166276015749297,0.07487189624317274,False,seed70
ecoevolity,0,0.11494223892743713,0.1441928772352387,0.9998578615709772,3998.9131740278963,0.95,0.1411704705948189,0.14702739617280391,False,0.14110671532413288,0.14692624460845444,False,seed139
starbeast,0,0.11494223892743713,0.14462840103484598,1.009909258655006,651.1673185465651,0.95,0.1420036536101001,0.1471668147806659,False,0.14205561250134682,0.14720692628402887,False,seed139
ecoevolity,0,0.10257518552969706,0.1253595283400106,1.0001217006185523,3748.0667881515,0.95,0.12256135398443894,0.12792402799506775,False,0.12276178696285794,0.12806051868432522,False,seed175
starbeast,0,0.10257518552969706,0.12585888100190498,1.0004487566975784,661.4636952274021,0.95,0.12350034067200295,0.128139613496295,False,0.1235400291548992,0.1281688790283448,False,seed175
ecoevolity,0,0.08242464997881818,0.10172953127554032,1.0001615979251917,4000.0,0.95,0.09892431152479056,0.1040077757965192,False,0.09937395826119792,0.10426290252107252,False,seed45
starbeast,0,0.08242464997881818,0.10231697891926578,0.9998912991939604,554.4730967576319,0.95,0.10015914065048807,0.10438329321328868,False,0.1002378815222262,0.10445007668011946,False,seed45
ecoevolity,0,0.07177612834070635,0.09159557256495418,0.9997783858376112,3380.568551851812,0.95,0.08906276744003375,0.09378465231997256,False,0.08927638515874937,0.09390573359212803,False,seed40
starbeast,0,0.07177612834070635,0.0921837367764132,1.0003501869134388,549.5743048339476,0.95,0.09027766775480517,0.09400897643636176,False,0.0903277353610333,0.09403791237535884,False,seed40
ecoevolity,0,0.0004898386416460741,0.0002459235165324694,0.9995394731553432,512.2556016365363,0.95,0.000141786295483177,0.0003604328827835037,False,0.00014351758137693107,0.00036079793856722963,False,seed189
starbeast,0,0.0004898386416460741,0.0004514498224349885,1.0000013775945091,269.22473184982704,0.95,0.0003462431789143628,0.0005617291436770041,True,0.0003461987606030252,0.0005614316757471464,True,seed189
ecoevolity,0,0.12931051002569605,0.15875834095751715,1.0003350839882057,3891.865479272683,0.95,0.15556065748148365,0.16172164802794406,False,0.1556519610569406,0.1617630046543962,False,seed161
starbeast,0,0.12931051002569605,0.15905820148541785,1.0016133225582775,648.74865866783,0.95,0.15635696165316096,0.1617844492322159,False,0.1563123712322938,0.16171970881311246,False,seed161
ecoevolity,0,0.005352347625996032,0.00782198748624825,0.9995903953543192,3671.0243667882182,0.95,0.007019346733435573,0.008730451107870501,False,0.006983257539030019,0.008670147318359491,False,seed20
starbeast,0,0.005352347625996032,0.006832113339316353,1.0020040180963707,728.7200138481137,0.95,0.00631792874751499,0.007348048522185206,False,0.006308589530525123,0.007334148742745262,False,seed20
ecoevolity,0,0.09148800656374233,0.11436854042693255,1.000129180216536,2841.27384684161,0.95,0.111740902238809,0.11669559538043553,False,0.11181247199284053,0.11672918939802705,False,seed153
starbeast,0,0.09148800656374233,0.11473109307889692,1.0072006915036171,569.449883582055,0.95,0.1125110387431479,0.11686773918919485,False,0.1125110387431479,0.1168663643506182,False,seed153
ecoevolity,0,0.052576259521158214,0.06574208659913187,0.9996586678055542,3333.5502728885167,0.95,0.06337058258231061,0.06764131255800318,False,0.06352316996176155,0.06776373991347667,False,seed145
starbeast,0,0.052576259521158214,0.06650777657411873,0.999874532005856,685.9233626052517,0.95,0.06498920371510339,0.06800092597846359,False,0.06492726003107205,0.0679240204893887,False,seed145
ecoevolity,0,0.004536959349318047,0.01948876847118771,1.00016286872921,3966.784677295987,0.95,0.017179080305435603,0.02103618482418263,False,0.017443885481265582,0.021155216134821752,False,seed71
starbeast,0,0.004536959349318047,0.016600571915855962,0.9998893843043568,705.5417191628793,0.95,0.01509191182303538,0.017952551258760014,False,0.015182746583294722,0.018013133863615118,False,seed71
ecoevolity,0,0.07864997666581916,0.09217615956683536,1.000332630684558,4000.0,0.95,0.08948300354401309,0.0943688955121324,False,0.08958727916616288,0.09440683282900633,False,seed132
starbeast,0,0.07864997666581916,0.09261671568931223,1.0002491504781297,482.29240027095733,0.95,0.09067273324698506,0.09450206554696776,False,0.09069505815840548,0.09450945354408273,False,seed132
ecoevolity,0,0.14764409514563573,0.17996850419698246,1.0010708626734457,3726.632479281333,0.95,0.17674987730755795,0.18326392005735687,False,0.17689277590710115,0.1833420575013712,False,seed117
starbeast,0,0.14764409514563573,0.17999133808582987,1.0005289632702303,978.8570493727434,0.95,0.1769455657939319,0.18304602021097496,False,0.17698555657925208,0.18306481068262204,False,seed117
ecoevolity,0,0.11901070422594776,0.14330670203968704,0.9996449466342516,3523.5962844150413,0.95,0.1402549124961028,0.14602087964148894,False,0.1406001582687076,0.1463101346260066,False,seed160
starbeast,0,0.11901070422594776,0.14350109265663386,0.9998718578163172,702.6152131853743,0.95,0.14095025727815713,0.14595063615353807,False,0.14102720338806798,0.14600459508599775,False,seed160
ecoevolity,0,0.016288297722412446,0.02534640955244065,1.0010849176557846,4000.0,0.95,0.02293024813920801,0.0269773736697294,False,0.02315002809461345,0.027146515205233684,False,seed67
starbeast,0,0.016288297722412446,0.02350175183060544,1.0065888133783043,842.4016846602144,0.95,0.022199207110367842,0.02481155220529432,False,0.022198380652547717,0.024809531105259124,False,seed67
ecoevolity,0,0.004633693657706084,0.004883597138794443,0.999925214071744,4000.0,0.95,0.004351987127437672,0.005442365332544519,True,0.004371273523990592,0.0054557796029699075,True,seed55
starbeast,0,0.004633693657706084,0.0049832499351733965,1.002229225171595,1302.256429369709,0.95,0.004535391818025404,0.005460198365150863,True,0.004519614755146889,0.005437519550834701,True,seed55
ecoevolity,0,0.05155825577695683,0.06641213475546316,1.0001388063169938,4000.0,0.95,0.06404227715046508,0.0683707407809735,False,0.0642760168932061,0.06851831104788295,False,seed12
starbeast,0,0.05155825577695683,0.06725342711543518,1.000257784894667,716.114671800347,0.95,0.06570665404524305,0.06872382659502617,False,0.06576319580535983,0.06876664479720475,False,seed12
ecoevolity,0,0.014037272544059712,0.0279852715185917,1.0003350836473812,3288.126950083062,0.95,0.025740451444801662,0.029563753947606224,False,0.02593954057711,0.02965436398550765,False,seed173
starbeast,0,0.014037272544059712,0.027097658962623318,0.9999877561788364,589.8400171159558,0.95,0.02579249817110381,0.028438975157204126,False,0.025762274131134275,0.02838545966950406,False,seed173
ecoevolity,0,0.08319966534703227,0.11013193542754944,0.999997705481506,4000.0,0.95,0.10737979385472024,0.11252834164808234,False,0.10766448212409044,0.1127733671400259,False,seed10
starbeast,0,0.08319966534703227,0.110569836076974,1.0142759775766512,604.2297312147092,0.95,0.1084079028273031,0.11264771540650062,False,0.10840651758206912,0.1126370602368952,False,seed10
ecoevolity,0,0.11974510793377252,0.14812270068896513,0.999999148934858,4000.0,0.95,0.144983527425936,0.15094078541052927,False,0.14511009172601744,0.1509869757478301,False,seed3
starbeast,0,0.11974510793377252,0.1484021967480815,0.9998844255653024,1069.7752565259966,0.95,0.14587932439624962,0.1509599600529586,False,0.14594185635446036,0.15101298908218572,False,seed3
ecoevolity,0,0.10097082109906827,0.12318747041352338,0.9999729126370236,4000.0,0.95,0.1202635464485583,0.12571204887412962,False,0.12061780454558547,0.12591988942167204,False,seed51
starbeast,0,0.10097082109906827,0.12374266068144316,0.9999693085287564,599.6174167192863,0.95,0.12146755820286392,0.12599661496112904,False,0.12139899152798204,0.12591419939086854,False,seed51
ecoevolity,0,0.08271604895035634,0.10021523203703812,1.0006187322252185,3625.9847145543154,0.95,0.09746061766723677,0.10249906776397123,False,0.09756386154501084,0.10257181704560647,False,seed146
starbeast,0,0.08271604895035634,0.10075970754903288,1.0007521565135338,786.1389485545003,0.95,0.09877257532902492,0.10267305731101292,False,0.0987815245857265,0.10267643135824804,False,seed146
ecoevolity,0,0.049207127880279526,0.0627462493042789,0.999865473484062,4000.0,0.95,0.06040496338782601,0.0646768010635533,False,0.060465326630495676,0.06471125327032945,False,seed152
starbeast,0,0.049207127880279526,0.06319578364168849,1.0028921588594042,575.5856979820284,0.95,0.0616081022338481,0.06470788899987824,False,0.06163598052059348,0.06472803744746045,False,seed152
ecoevolity,0,0.009548204116054304,0.02515495535963361,0.9998155675418712,2934.6687748354348,0.95,0.022926037594753642,0.02673796173821841,False,0.023205220194118886,0.026900788843565192,False,seed83
starbeast,0,0.009548204116054304,0.01581336335555104,1.0046554053199053,324.9262796417617,0.95,0.013291185150437122,0.018393080541566968,False,0.013428990108928065,0.0185152816296722,False,seed83
ecoevolity,0,0.034909847905656696,0.05518116211816888,1.000627951059083,3772.634218355855,0.95,0.052688028421161305,0.05702474396304481,False,0.05300305405101545,0.05723540656151504,False,seed36
starbeast,0,0.034909847905656696,0.05564097952140111,1.0314525851332887,365.777457056588,0.95,0.0539853900851844,0.057182615144068215,False,0.0540160915239884,0.057185346927828576,False,seed36
ecoevolity,0,0.003337393848408074,0.005131157113779491,1.001387536825675,1517.0223848345956,0.95,0.004046884217668125,0.006459370272613545,False,0.00404269542798784,0.006442636885450136,False,seed34
starbeast,0,0.003337393848408074,0.003638083138230956,1.0155790935685272,819.4347120680861,0.95,0.0031686136788120715,0.004162061304517568,True,0.003153815147253113,0.0041294514076380615,True,seed34
ecoevolity,0,0.06776687913884256,0.08209457007062299,0.9997164470671812,4000.0,0.95,0.07963186476046531,0.08424385771198498,False,0.07978819781654925,0.08438083200268265,False,seed133
starbeast,0,0.06776687913884256,0.08267440890660033,1.0175393589125843,523.8577954037715,0.95,0.08085493707368359,0.08438932310970274,False,0.0809271939513751,0.08443775142731215,False,seed133
ecoevolity,0,0.020355604541974968,0.02620908569576477,0.9998706980559491,4000.0,0.95,0.02378177812271574,0.027968615829608832,False,0.024058594046207915,0.02811274233919637,False,seed89
starbeast,0,0.020355604541974968,0.02717716774776664,1.0082732518121351,428.60043685303367,0.95,0.02613119432494948,0.028151317128547824,False,0.026148019246157603,0.028160020262186013,False,seed89
ecoevolity,0,0.013164511058796569,0.02159337033693516,1.000118203689934,3045.4209109242665,0.95,0.019299615404025926,0.02317084995408589,False,0.019611598574415214,0.023362205387998568,False,seed181
starbeast,0,0.013164511058796569,0.022023633331029437,1.0016978625009556,345.2834882678797,0.95,0.020901036350933825,0.023103470958286517,False,0.020939933351594442,0.023134099111826838,False,seed181
ecoevolity,0,0.054686510923471064,0.06855761639692069,1.0001787229869434,4000.0,0.95,0.06609857278255211,0.07053229281026904,False,0.06634999849536136,0.07071339618428676,False,seed38
starbeast,0,0.054686510923471064,0.06938744736145024,1.0004073684338408,601.9844418444907,0.95,0.06776112641270883,0.0709212976937657,False,0.06785307393366577,0.07100303654203552,False,seed38
ecoevolity,0,0.017317406917999257,0.028502720620515436,0.9998156962403892,3104.4330842519093,0.95,0.02630522790895786,0.03014073695963076,False,0.026540750819643785,0.03027882456327545,False,seed105
starbeast,0,0.017317406917999257,0.028504705084599742,1.0001487018607778,364.17621484914565,0.95,0.02714551951927438,0.029771933549051305,False,0.02714071954453991,0.029762694015169868,False,seed105
ecoevolity,0,0.0009414154307511223,0.0002198887507221073,1.0025001812027123,271.2197269057241,0.95,0.00012515983154715043,0.00034525081338221804,False,0.00012125778522090152,0.00033318523332997096,False,seed29
starbeast,0,0.0009414154307511223,0.0008251571146970191,1.00005829596996,357.55525032026816,0.95,0.0006731079911539709,0.00098582816407199,True,0.0006703382105974568,0.0009802530586612837,True,seed29
ecoevolity,0,0.1592395705071539,0.1939743838519818,0.9998109451348172,4000.0,0.95,0.1905474020030726,0.19740206918029385,False,0.1905078266725408,0.1973056937144172,False,seed162
starbeast,0,0.1592395705071539,0.1942833046574186,1.0064151255715803,1062.9711595621905,0.95,0.1910960113166261,0.19755360347456105,False,0.1912458895241023,0.19767273788106896,False,seed162
ecoevolity,0,0.015920421126264208,0.023146774723479032,1.0001156555170885,3173.804184158822,0.95,0.02060787663968212,0.02480244806879111,False,0.020949385575387936,0.024986576133840383,False,seed148
starbeast,0,0.015920421126264208,0.022609867511235917,1.001312104243954,529.1290128270836,0.95,0.02146929305019386,0.023710777951022527,False,0.021441814467504292,0.02367647733832996,False,seed148
ecoevolity,0,0.00376991028811555,0.004013238296761077,0.9997087653987929,4000.0,0.95,0.003518216783527359,0.004539671542217242,True,0.003505922834865711,0.004512950747707254,True,seed14
starbeast,0,0.00376991028811555,0.0046668470580445605,1.009143233123435,843.3750868782529,0.95,0.004205184217470661,0.005131596692654582,False,0.00421309602157054,0.005135862967882546,False,seed14
ecoevolity,0,0.09761158298619024,0.12071061576382718,1.0014329177985886,3387.387158198819,0.95,0.11792902798732376,0.1232205932527058,False,0.1178273669739574,0.12307259683882345,False,seed25
starbeast,0,0.09761158298619024,0.12112647242839912,1.0083003771296075,770.9274883104761,0.95,0.11888631483815305,0.12331083670159565,False,0.11889478310504092,0.12331083670159565,False,seed25
ecoevolity,0,0.052604165991917015,0.07567619624429893,1.0001620570164522,3650.5777307345143,0.95,0.07316782425948774,0.07771735297396276,False,0.07329637158915604,0.07773740421985778,False,seed176
starbeast,0,0.052604165991917015,0.0761276152800942,1.0027155448754104,433.0799369720393,0.95,0.0742926834385847,0.07782050568208312,False,0.07447801525748415,0.07796234546426542,False,seed176
ecoevolity,0,0.040622856641398426,0.05993768857086205,1.000594966317338,4000.0,0.95,0.0575969133325166,0.06179819535312114,False,0.057736793158155324,0.061881982438857036,False,seed98
starbeast,0,0.040622856641398426,0.05995882522966981,1.0125217709101302,350.54233732580485,0.95,0.05816519718260616,0.061641355717698784,False,0.05828465386192706,0.061732915809194676,False,seed98
ecoevolity,0,0.023870769294892336,0.03207148665189186,1.0007289217842694,3810.874090305079,0.95,0.029786750689717645,0.03374163688751014,False,0.03008646963783625,0.03393952337046965,False,seed1
starbeast,0,0.023870769294892336,0.032885094814718935,1.0001307617578763,409.02500391512353,0.95,0.03170778879787542,0.033943048519203906,False,0.03174635808554248,0.03396581797337676,False,seed1
ecoevolity,0,0.0378187967963469,0.046742367196255526,1.0001467544751856,3753.8525408297187,0.95,0.04436265373663375,0.04851724851705785,False,0.044502445985187836,0.048606151083138927,False,seed114
starbeast,0,0.0378187967963469,0.047559840819761584,0.999958283221354,491.49269943758554,0.95,0.046144900397263225,0.04882628337788916,False,0.04618178742841186,0.04885270740658725,False,seed114
ecoevolity,0,0.03529747820868041,0.045557311143356094,1.00030808405089,4000.0,0.95,0.04331705943024623,0.04730966431218212,False,0.04335252984237063,0.04732755791514103,False,seed8
starbeast,0,0.03529747820868041,0.04661125766804956,1.00414083047385,677.9782850435868,0.95,0.045346825763335236,0.04782043388417888,False,0.04538456197239521,0.04783502763845019,False,seed8
ecoevolity,0,0.015001418213204304,0.030358027297452007,1.0000695652954448,4000.0,0.95,0.02805563223838146,0.03197032438465418,False,0.028407535827322795,0.03213500312125313,False,seed106
starbeast,0,0.015001418213204304,0.0303900118974957,1.0051777007671276,364.6901375063812,0.95,0.02898904515959778,0.03172077808823439,False,0.02903467659981912,0.031747895719598636,False,seed106
ecoevolity,0,0.028027962265974628,0.03702172953510613,1.0006429287285148,2816.4946846898843,0.95,0.034406003499713705,0.038824475614832835,False,0.034777718307624376,0.0390525597862818,False,seed102
starbeast,0,0.028027962265974628,0.036866458525130916,1.0019041052784998,370.7866760201282,0.95,0.03536420251164706,0.03831851750580383,False,0.035451037858320406,0.03838746575215438,False,seed102
ecoevolity,0,0.18187526388185832,0.220552560790426,0.9996908848844624,3841.9619620698822,0.95,0.21671963480660333,0.22422440769836946,False,0.21662999709398376,0.22406474843562751,False,seed122
starbeast,0,0.18187526388185832,0.22049920621412408,1.0004749378412496,945.7186979516944,0.95,0.21674429137334816,0.22407018719502886,False,0.2167031858091544,0.22396499815766469,False,seed122
ecoevolity,0,0.0571832021137368,0.07387476899178443,1.0000831025189578,3841.924408525449,0.95,0.0713879601113869,0.07591640584296816,False,0.07160686282575432,0.07604527385111574,False,seed15
starbeast,0,0.0571832021137368,0.07462924807894385,0.9998741234229054,675.8100701312923,0.95,0.07296923569211496,0.07626403344390131,False,0.07296666114168529,0.07625443781240246,False,seed15
ecoevolity,0,0.056460200974376026,0.07199328248767188,1.000856913932146,3290.49565547921,0.95,0.06957052806170354,0.07398120589121232,False,0.06984458783858312,0.07424857670493491,False,seed39
starbeast,0,0.056460200974376026,0.07237896802079627,1.0047498321973076,359.056159795224,0.95,0.07060132956389456,0.07403428621449143,False,0.07067854211150965,0.07408863517898995,False,seed39
ecoevolity,0,0.009844885995799895,0.021910317955604292,0.9995393118454164,2633.2370630857777,0.95,0.019406395613194776,0.02360756235757299,False,0.019852523822405092,0.02382397926268997,False,seed157
starbeast,0,0.009844885995799895,0.016132475155175272,1.001164451349009,455.6446333526037,0.95,0.014345856355650319,0.01786983440508102,False,0.014286675831617062,0.017796873780782728,False,seed157
ecoevolity,0,0.07101309250593484,0.09185569900662746,1.0002372637481989,4000.0,0.95,0.08927327230155321,0.09409293437568504,False,0.08944153408434519,0.09417109672605742,False,seed49
starbeast,0,0.07101309250593484,0.0924912712194259,1.004390750192785,497.317831472697,0.95,0.09050014309249144,0.0943803291450602,False,0.09047470712187547,0.09433540865398476,False,seed49
ecoevolity,0,0.014491644954858175,0.017736109140310975,1.0078199922605326,479.5256070104117,0.95,0.011944910038645873,0.020383198152428058,True,0.012807056005336428,0.0207506154818808,True,seed128
starbeast,0,0.014491644954858175,0.02009675822035237,1.0068176482308144,332.5832481307418,0.95,0.019140674748234842,0.02096525956619263,False,0.01918386044359277,0.020991646456753967,False,seed128
ecoevolity,0,0.030838260595285393,0.04218051699065772,1.0004488512562983,3752.2266382803823,0.95,0.03999810007168888,0.043887512891760884,False,0.04029920732985372,0.044082799488686014,False,seed84
starbeast,0,0.030838260595285393,0.042867058827837416,0.9999879974400608,476.06724555521185,0.95,0.04154163268586224,0.044107636306903834,False,0.04159161882771617,0.044148467376998866,False,seed84
ecoevolity,0,0.02359459826452627,0.046063639414238515,1.0020263141805263,4000.0,0.95,0.04369745483372352,0.04786468071561235,False,0.04403344167936805,0.04806917117329823,False,seed30
starbeast,0,0.02359459826452627,0.043856749199094526,1.0066739581655528,721.9445828390491,0.95,0.041945648253882736,0.04560813540473814,False,0.04210543352460937,0.04569499998337912,False,seed30
ecoevolity,0,0.0937580999190218,0.11743061937105315,0.9998320306954004,4000.0,0.95,0.11463132124214445,0.11993955531197548,False,0.11486852228238024,0.12013096171124413,False,seed85
starbeast,0,0.0937580999190218,0.11808032638495385,1.0023067414976885,575.900350989303,0.95,0.11584096058117795,0.12034912108005393,False,0.11576400039536185,0.12024706458664533,False,seed85
ecoevolity,0,0.02216456754649093,0.031556627161627666,0.9999651017161602,3953.296980118984,0.95,0.029231519889335925,0.033190293386586474,False,0.029503608523563506,0.03331495160560385,False,seed23
starbeast,0,0.02216456754649093,0.03193554934034372,1.0016176305498226,378.3361248246383,0.95,0.030517235130251542,0.03319222585784177,False,0.03063298362719326,0.03325798077190184,False,seed23
ecoevolity,0,0.01285570402940837,0.02888330948777685,0.9995947588810554,3546.1589673790145,0.95,0.026764818076148184,0.030488371014506032,False,0.026952825150581408,0.030609618539411826,False,seed127
starbeast,0,0.01285570402940837,0.0271171476566442,0.9998740344386612,525.3704714555253,0.95,0.025540080872236186,0.028600057420847813,False,0.025638651873912982,0.028680716947333495,False,seed127
ecoevolity,0,0.013581163091013506,0.02868658285084098,0.9996159713351216,3363.9879053761183,0.95,0.0264346211430116,0.030270450429984632,False,0.026721997267331536,0.030412297104368064,False,seed16
starbeast,0,0.013581163091013506,0.02453786971271329,1.0001275020796354,987.15785743006,0.95,0.023031948033235203,0.026033015530852664,False,0.0230530744028032,0.02604445700445959,False,seed16
ecoevolity,0,0.0024080639871578704,0.00563322410985711,1.001688778040469,3508.5665043822632,0.95,0.004848579411545406,0.006543383275397417,False,0.0048396383036168255,0.006515241787027286,False,seed149
starbeast,0,0.0024080639871578704,0.0029999504423523994,1.0015586623566788,1011.6049908483824,0.95,0.0026737384381354287,0.003337485446941975,False,0.002661218009349613,0.003320456767241623,False,seed149
ecoevolity,0,0.00035453638584630735,0.0002146327158584556,1.0007418554081833,364.4929257203002,0.95,0.0001130436994225198,0.00034002532415592035,False,0.00010518390362395196,0.00032443665934623147,False,seed186
starbeast,0,0.00035453638584630735,0.0001553282370702919,7.906270181223937,89.46608712302479,0.95,4.879713444572265e-10,0.0003929215598151612,True,4.1827244483584433e-10,0.00037454499781669514,True,seed186
ecoevolity,0,0.03347541829325622,0.04372667219639342,0.9996556989013834,3744.865193599551,0.95,0.04147288091593803,0.04546548595648809,False,0.041787686531868866,0.045689958746186164,False,seed159
starbeast,0,0.03347541829325622,0.04449815305618072,1.0171723716690604,468.56783110915063,0.95,0.04319837971778163,0.04571949592431072,False,0.04319837971778163,0.04571538810881371,False,seed159
ecoevolity,0,0.07430383969438377,0.0986109169478682,0.9995704772602408,4000.0,0.95,0.09607459989183327,0.10093623500901774,False,0.09628083553512996,0.10110472571891968,False,seed97
starbeast,0,0.07430383969438377,0.09928355434178793,1.003310581993954,694.0651354879559,0.95,0.09730935354245887,0.10122856617718788,False,0.09733130999512253,0.1012392513119772,False,seed97
ecoevolity,0,0.04162582390911599,0.0567217333420684,1.0010600530503486,3281.432546062736,0.95,0.054448436539869007,0.058566606396429674,False,0.054677969572591724,0.0587093596697177,False,seed131
starbeast,0,0.04162582390911599,0.055670677353065065,1.0077597830868943,432.0295521368094,0.95,0.053682140235298687,0.057650743448362726,False,0.0537761012982375,0.057718042439314575,False,seed131
ecoevolity,0,0.01963142103011841,0.02993653427209037,0.9996393785635906,4000.0,0.95,0.027599521771061487,0.031605470465771536,False,0.027846104637774517,0.03174700247553914,False,seed32
starbeast,0,0.01963142103011841,0.029451867371546318,1.000514016042518,643.420689173719,0.95,0.02811805575012271,0.03075516398184178,False,0.02815144974863497,0.030770342879444003,False,seed32
ecoevolity,0,0.08145660702415193,0.10215044063621163,1.0005687929972715,3207.3949204220235,0.95,0.09950122931529158,0.10440299829314696,False,0.09972371025702274,0.10454576491491643,False,seed11
starbeast,0,0.08145660702415193,0.10244455775431427,1.0053275174031444,512.2357589449095,0.95,0.10036335988729017,0.10440888543978004,False,0.10038600225443214,0.10441615652176893,False,seed11
ecoevolity,0,0.0133321761407176,0.01985287008044433,1.000222346968487,2459.546127081255,0.95,0.017093100951723346,0.021639114372314187,False,0.017417720548782163,0.02177016026457884,False,seed192
starbeast,0,0.0133321761407176,0.01962500457576399,1.0036218468049034,754.5166364168324,0.95,0.018533743029213297,0.02069125121228637,False,0.01859462429678244,0.02073817515527581,False,seed192
ecoevolity,0,0.06743560400400073,0.08501580945772481,0.9997111159829606,4000.0,0.95,0.08243208315182776,0.0871375154599037,False,0.08276622035747623,0.08738077305849724,False,seed86
starbeast,0,0.06743560400400073,0.08551542049698421,1.0032559481447574,712.0830423416243,0.95,0.08366847462446765,0.08729618261737421,False,0.08370232760473101,0.08731413591868174,False,seed86
ecoevolity,0,0.04967633701920638,0.060898475412637564,0.9997452660103164,3549.0822993108504,0.95,0.058516315549246564,0.06281522553781925,False,0.05869171956793313,0.06291538082838244,False,seed111
starbeast,0,0.04967633701920638,0.06163202436220588,1.0130387456598742,348.03943191209936,0.95,0.06001505242241775,0.06311420207420967,False,0.060070382101344875,0.06315005869119565,False,seed111
ecoevolity,0,0.036174451661208896,0.05299585649275654,0.9996387679817216,3995.1457351852587,0.95,0.050625419603864415,0.0548935903823822,False,0.050876477087525705,0.055069636201892695,False,seed140
starbeast,0,0.036174451661208896,0.05294340002079289,1.0043426653727905,264.1478520612024,0.95,0.051066189465237666,0.05470091852309805,False,0.051143214166456785,0.05476188055975406,False,seed140
