ci_covered,ci_lower,ci_upper,ess,hpd_covered,hpd_lower,hpd_upper,interval,mean,method,red_fac,replicate,taxon,true,seed
True,0.0009069051810113065,0.005850282929141873,1160.4699800210915,True,0.0008190064554612143,0.00568804242303905,0.95,0.003177379262154037,ecoevolity,1.0002896315988123,0,root,0.0011175658959692747,seed1234
True,0.0007105145807333227,0.004293373794445689,520.857737098714,True,0.0005819878143723062,0.003965956769541413,0.95,0.00204781586443577,ecoevolity,1.0033674630563636,0,T1,0.001964972857523616,seed1234
True,0.0007781858202138672,0.004842130507947296,512.4951697637065,True,0.0006037259161231107,0.004456228529901316,0.95,0.0023068881515379658,ecoevolity,1.0027321778556488,0,T2,0.0008203855299292507,seed1234
True,0.0006340072790327207,0.003945423534199239,4000.0,True,0.0004347000026068866,0.003663742867173417,0.95,0.0020059130264678472,ecoevolity,1.0000763407533209,1,root,0.002409740215753093,seed1234
False,0.0010982434980926071,0.0036715886241500094,4000.0,False,0.0010218319622177377,0.003523342617111414,0.95,0.0021726346251284465,ecoevolity,0.9998575960535618,1,T1,0.0009584555482266774,seed1234
True,0.0009140915232721467,0.0033091287383170717,3835.496948742399,True,0.0007905351943006816,0.003088146973557978,0.95,0.0018986301743237847,ecoevolity,0.9998098706291076,1,T2,0.0010748971018443225,seed1234
True,0.0006568630085743031,0.004000349667802069,3415.3837354442635,True,0.0004842066779928928,0.003728267992723048,0.95,0.0019990256127304386,ecoevolity,1.000996614936026,2,root,0.0027064962090970804,seed1234
False,0.0009550160461104393,0.003339683377167133,4000.0,False,0.0008733004890512245,0.0032153094875192628,0.95,0.00196363055069713,ecoevolity,0.9998516904841448,2,T1,0.003877397682856782,seed1234
False,0.000948449763485699,0.003368778210415079,3298.6554073197003,True,0.0007630771187064558,0.0031105859254717426,0.95,0.0019548107648515623,ecoevolity,1.0000200991540296,2,T2,0.0009446231238656824,seed1234
True,0.0006455730314685144,0.004233557416137968,4000.0,True,0.0004897641292391265,0.003868163686744357,0.95,0.002038579541685803,ecoevolity,1.00148283962174,3,root,0.002350793011991925,seed1234
True,0.001210566791893666,0.004151606941047224,3434.855915967161,True,0.0011402325788685591,0.003946108035430396,0.95,0.0024647512331387915,ecoevolity,1.0001730668910604,3,T1,0.0027976845143889875,seed1234
True,0.0013913912170188355,0.004496039323727375,3489.569641272456,True,0.0013242918547256455,0.004382122835422963,0.95,0.002734135195433552,ecoevolity,1.0005579188031,3,T2,0.0017278582084938408,seed1234
True,0.0006645344205838985,0.004137370777946761,3546.570063428584,True,0.00047094182290371604,0.0037201057741810795,0.95,0.002004676607538004,ecoevolity,1.0004867054488091,4,root,0.0009877928707427736,seed1234
False,0.0005465499695933186,0.002217347107631014,3771.389753569375,False,0.0004922820189571386,0.002092587754239112,0.95,0.0012209956586738705,ecoevolity,1.0012498074585223,4,T1,0.002893985644662282,seed1234
True,0.0011068369039872851,0.00393722234612199,4000.0,True,0.0010082748660986847,0.0037502134471061725,0.95,0.0023223857308715995,ecoevolity,1.0007249660232251,4,T2,0.001555189431017756,seed1234
True,0.0006370907449447043,0.0040704695784434695,4000.0,True,0.00046394104230236446,0.003778672841823757,0.95,0.002022038485247304,ecoevolity,0.9999671130582084,5,root,0.002382991015026096,seed1234
True,0.001640050110685719,0.005090443484675849,3346.292645057889,True,0.0015424326763844125,0.004898089764075193,0.95,0.0031544603899379643,ecoevolity,0.9998978379985186,5,T1,0.0024304321900664267,seed1234
True,0.0010024010280696813,0.003377126489069389,3199.8502240492585,True,0.0008622676333999809,0.003166104910435045,0.95,0.0020012412608772755,ecoevolity,0.9999646127212514,5,T2,0.002311135566863007,seed1234
True,0.0006474871149466289,0.004139877735354898,3676.976574457333,True,0.000531945060747121,0.0038384613954572616,0.95,0.0020286856041432898,ecoevolity,0.9999172977279784,6,root,0.0032143248891731892,seed1234
False,0.0011999784148119985,0.004014550840841461,2744.860990311969,False,0.0011009151543688992,0.0038371642901141095,0.95,0.002415658789562181,ecoevolity,0.9999904529743856,6,T1,0.0010625840781626936,seed1234
True,0.0010876585706348855,0.0037131660605284407,2450.271077353682,True,0.000991514812315352,0.003521971255089494,0.95,0.0022137246978536445,ecoevolity,1.0007551140602229,6,T2,0.0026172559803851947,seed1234
True,0.0006439664835439584,0.004094593754622534,4000.0,True,0.00044523789754303075,0.003712395250311517,0.95,0.0020054523979672234,ecoevolity,0.9998270650975684,7,root,0.002311904457168545,seed1234
True,0.0006744828176599166,0.0026885317858495075,3891.3132276830515,True,0.0006205237349317418,0.002584545550938792,0.95,0.001520215639221749,ecoevolity,0.999653654740831,7,T1,0.0016962625385786307,seed1234
True,0.0009362331274778213,0.0034309051430351893,3808.2613176516857,True,0.0008367396730684631,0.0032483259930844678,0.95,0.0019926348835269075,ecoevolity,0.999939003008922,7,T2,0.00224956953194122,seed1234
True,0.0006580297303611722,0.004107202116153993,4000.0,True,0.000511028583144991,0.003793795439379968,0.95,0.002025606103932924,ecoevolity,0.9996062358332016,8,root,0.0014837078284543415,seed1234
True,0.0010938610042060548,0.003944429029692965,4000.0,True,0.001013035416983044,0.0038029103008739673,0.95,0.0023124560923485807,ecoevolity,0.9996126539763583,8,T1,0.0015836488543519715,seed1234
True,0.001106706330921264,0.003941332788985978,3963.548208355304,True,0.0010255264904035519,0.0038249481072576866,0.95,0.0023027367505599923,ecoevolity,0.9997893503577538,8,T2,0.0017716222078338,seed1234
True,0.0006913577263596089,0.004079633846617097,4000.0,True,0.0005961499327153017,0.0038208776093263037,0.95,0.0020223389097181244,ecoevolity,0.999999394061354,9,root,0.0018889171321339886,seed1234
True,0.0011504994956670145,0.004005167124456585,3710.4875923641166,True,0.0010040787587811918,0.0037898476996068736,0.95,0.002346982232122801,ecoevolity,1.0006078391094222,9,T1,0.001365809864343301,seed1234
True,0.0008928355871553199,0.0032319788391216397,4000.0,True,0.0008300312285302885,0.003091475784325537,0.95,0.0018774068566273453,ecoevolity,0.9996559490454059,9,T2,0.002435523552999968,seed1234
True,0.0006743226354750129,0.00416905551463529,4000.0,True,0.0005531767177464613,0.0038281459829753468,0.95,0.002033464405771486,ecoevolity,0.9999579605385112,10,root,0.00183080352803226,seed1234
True,0.0012823752250349454,0.004365936120336053,3779.9455789674375,True,0.0011747894790186525,0.004167526014951026,0.95,0.002592344857530571,ecoevolity,0.99960040396641,10,T1,0.001648133300529826,seed1234
True,0.000984671735742587,0.0034797269164503586,3974.9980907108284,True,0.0008521292178385255,0.0032717911886935673,0.95,0.002021414116508552,ecoevolity,1.0000594109242231,10,T2,0.0011927623045473428,seed1234
True,0.0006551146031137843,0.004352203572518761,4000.0,True,0.0004581193307882776,0.0039410704529108396,0.95,0.0020839109710913233,ecoevolity,0.9998733965269904,11,root,0.00230960435230637,seed1234
True,0.0013621360829682253,0.004505910628567314,2558.474944830657,True,0.0012971739535751095,0.00440343819538052,0.95,0.002805902027799892,ecoevolity,1.0000567522916786,11,T1,0.002425268381904367,seed1234
True,0.0012317155452490488,0.004135028315870082,2913.335627921501,True,0.0011998362339119266,0.004074626556209703,0.95,0.0025476736379006497,ecoevolity,1.0007657545044732,11,T2,0.003971518581008564,seed1234
True,0.0006615982300258813,0.004142174991576544,4000.0,True,0.0004556893250764441,0.0037168654055601048,0.95,0.0020252101119445764,ecoevolity,1.000031252975233,12,root,0.0016920392333627367,seed1234
True,0.0011678611218902144,0.003698653556510579,4000.0,True,0.001001308745259001,0.003464369781950254,0.95,0.002226275687946105,ecoevolity,1.0001257525513343,12,T1,0.002782141066650492,seed1234
True,0.0012227830621689268,0.003925740090831935,4000.0,True,0.0010923028362109881,0.003685208414039979,0.95,0.0023399554631296326,ecoevolity,1.0005347411636338,12,T2,0.0027831920659630725,seed1234
False,0.0024345135259646647,0.006934487566769052,1563.558702823013,False,0.0022718881458530034,0.00668384764606015,0.95,0.0044039035078732094,ecoevolity,1.0004235229947256,13,root,0.0021979948512706174,seed1234
True,0.0005684755848652523,0.002145630751092793,640.0360911556318,False,0.00047116500551830256,0.0018788769898539406,0.95,0.0011509919558168194,ecoevolity,1.006134759373201,13,T1,0.0020154150445372784,seed1234
True,0.0005615201528451979,0.0021335796528238415,645.5541387189344,True,0.0004563231767844488,0.0018525017134962726,0.95,0.001136478746100097,ecoevolity,1.0062535447538177,13,T2,0.0009118007915670537,seed1234
True,0.0006359290959696707,0.004099614544921165,4000.0,True,0.00042716657948862894,0.003696419166831757,0.95,0.002008676727181237,ecoevolity,0.9996656457259498,14,root,0.0013013082591089974,seed1234
True,0.0015273153891771436,0.004476200000053093,3811.712373897721,True,0.0013784469261354125,0.004189075706360079,0.95,0.0028048039887475845,ecoevolity,0.9995547331947796,14,T1,0.002576268774557334,seed1234
True,0.0015344492099958044,0.004463238101682837,3889.241223610251,True,0.0014457150786650358,0.00426759539347646,0.95,0.002800228221133462,ecoevolity,0.9995732778766324,14,T2,0.0018396361862649637,seed1234
True,0.0006455165566179304,0.004063114493007735,4000.0,True,0.00047034685914482176,0.003669599764647839,0.95,0.002010270552827069,ecoevolity,0.9997337453596691,15,root,0.002116089296330907,seed1234
False,0.0013254445459688206,0.004281544024884961,3132.159581559686,False,0.0012807484425712947,0.004166786060870089,0.95,0.002578958118825091,ecoevolity,0.999972002895522,15,T1,0.0010830187155183378,seed1234
True,0.0009864812118100016,0.0032415059873033875,3137.1412730873662,True,0.0008620247564268781,0.003057288587489292,0.95,0.0019276018913935934,ecoevolity,0.9997684319352872,15,T2,0.0018721604703057129,seed1234
True,0.0006679540855444553,0.0040971077257451905,4000.0,True,0.00047455682537053635,0.003778469085905331,0.95,0.0020357018934713308,ecoevolity,0.9995940592089632,16,root,0.002906386419993011,seed1234
True,0.0009473847539898896,0.003417149122259122,4000.0,True,0.0008620350884688622,0.003214260410696926,0.95,0.001958413581507205,ecoevolity,0.9996729455197194,16,T1,0.0012988875775073985,seed1234
True,0.0007643239604665233,0.0028650299471744823,3481.1256248918544,True,0.0007010685424025528,0.002739420924253507,0.95,0.0016291908092279212,ecoevolity,0.9999412481563078,16,T2,0.0019817501342747766,seed1234
True,0.0006667621832793638,0.004316352828744572,3634.4621269272825,True,0.00045671481612851133,0.0038705144798191564,0.95,0.002018596966703236,ecoevolity,1.0000679957038554,17,root,0.0025354411541863835,seed1234
False,0.0012878112975201644,0.004111659236745164,3373.416579623946,False,0.0012443003398107243,0.0040032820473159215,0.95,0.0025167293531539164,ecoevolity,1.000041612992865,17,T1,0.001220525110502801,seed1234
True,0.0012252092778836053,0.003951348691752973,3510.709972045644,False,0.0011125353734067775,0.0038014473838960225,0.95,0.002398939192174087,ecoevolity,1.0000088246434449,17,T2,0.003901487403137097,seed1234
True,0.0006672349687098847,0.0040707526503519055,4000.0,True,0.00048395146756395526,0.003727268219798144,0.95,0.002022604897403465,ecoevolity,1.0001799857586653,18,root,0.002173740143130383,seed1234
True,0.001098468383954434,0.0038525520534763006,4000.0,True,0.0010338869294213337,0.003646099103267487,0.95,0.002258804197301361,ecoevolity,0.9998917814632796,18,T1,0.0025785985599820326,seed1234
False,0.0009491941025650938,0.003376123801095409,4000.0,True,0.0008489433322390736,0.003150405543084701,0.95,0.0019394340769382,ecoevolity,1.0004893424904655,18,T2,0.0008977825355780779,seed1234
False,0.0012688528214847645,0.005958485598407641,2048.7032218833115,False,0.0011709986745920824,0.005791233329959946,0.95,0.003562335839482685,ecoevolity,0.9995527253660078,19,root,0.0006551360801037855,seed1234
True,0.0007620463272502554,0.004413420027183467,660.7994040103966,True,0.0006029100360148338,0.003946602183567897,0.95,0.0018500314406927664,ecoevolity,1.0028322269808119,19,T1,0.0017696704775253473,seed1234
True,0.0006427829799878095,0.0035821633992707343,667.7765687804388,True,0.0005193113112331809,0.003232965988715348,0.95,0.0015545578892847134,ecoevolity,1.002898853650685,19,T2,0.0024603746315931987,seed1234
True,0.0016239515819261668,0.005049010024434521,3018.576024329183,True,0.0016042109602579446,0.004962112814827903,0.95,0.003133070744608975,ecoevolity,1.0002300526810768,20,root,0.002404779028246784,seed1234
True,0.0009522129755296656,0.0032408498941962076,1539.1711522819448,True,0.0008689460134809679,0.0030358935760791852,0.95,0.0018385962812457648,ecoevolity,1.0006646521652862,20,T1,0.0020708985421158226,seed1234
False,0.0007682911895762168,0.002595778701625834,1469.205877985693,False,0.0006922557709639957,0.0024009955014604014,0.95,0.0014896567420669472,ecoevolity,1.0008265674235308,20,T2,0.002791830296667868,seed1234
True,0.0006592273605571607,0.004147939202199909,3174.2718063187513,True,0.0005584359414006919,0.00388259840104952,0.95,0.0020318367129382067,ecoevolity,1.000148052084533,21,root,0.0013442666072996394,seed1234
True,0.0008749538235006408,0.0032339709195548343,4000.0,True,0.0008342157401476298,0.003136582835688904,0.95,0.0018964314221429914,ecoevolity,0.999838152325176,21,T1,0.0012188557924821765,seed1234
True,0.0010246432284236912,0.003602175504740861,4000.0,True,0.0008832850555308344,0.0033752827540482282,0.95,0.0021047743649180327,ecoevolity,0.999913683389102,21,T2,0.0029956015429131165,seed1234
True,0.0008338336441167466,0.004335910529258897,4000.0,True,0.000675323511894876,0.003953500699649337,0.95,0.0021945927194878647,ecoevolity,0.9998259287983838,22,root,0.0013741918076482984,seed1234
True,0.0005495967751565255,0.00376911088853591,4000.0,True,0.000443362782138887,0.0034795822306006923,0.95,0.0017459742777269362,ecoevolity,1.0004412061606611,22,T1,0.0017114022121057515,seed1234
True,0.0009295548687241922,0.004678657927022151,3742.7516836620093,True,0.0008041814127641963,0.004434364231748457,0.95,0.002467418485250148,ecoevolity,0.9996556727366672,22,T2,0.0016846411209874355,seed1234
True,0.0006765375773471193,0.00407373500933496,4000.0,True,0.00043636816574156703,0.0036720035180366154,0.95,0.002011390064780041,ecoevolity,1.0023575025575655,23,root,0.0018369823969904273,seed1234
True,0.0011827310142302765,0.003795054825305725,4000.0,True,0.0010660482044390442,0.0036084362195527337,0.95,0.0023121100830747875,ecoevolity,1.0004651496080956,23,T1,0.0020632212715341832,seed1234
False,0.0012888630995013881,0.004028819137507176,4000.0,False,0.0011776795707078179,0.003872517013548432,0.95,0.002489898616405395,ecoevolity,1.0006623054865549,23,T2,0.004774528171217411,seed1234
True,0.0006764742670861318,0.004156365758878829,3682.118007166432,True,0.0004610880558982737,0.003808225643526309,0.95,0.00201702571343883,ecoevolity,0.9996795746357132,24,root,0.002053050871629552,seed1234
True,0.001015429494801085,0.003600279229166517,4000.0,True,0.0008949743120251209,0.0033812753825482283,0.95,0.0020570760906802672,ecoevolity,0.9998038006444144,24,T1,0.0016806608467103115,seed1234
True,0.0010936809815419585,0.003720899628672513,3335.047271806639,True,0.0010277835580600322,0.003575390549000432,0.95,0.002198403076927943,ecoevolity,1.000297343207392,24,T2,0.0022779698929904077,seed1234
True,0.0006408008421819369,0.004184038810963521,3856.243876677544,True,0.0004126540672538469,0.0037535661126346562,0.95,0.002004680409100841,ecoevolity,1.0000550996924644,25,root,0.0018674451431327699,seed1234
True,0.0009617820015312373,0.003499458155878557,3907.3605135321795,True,0.0008948292831703395,0.003311718803597983,0.95,0.002003578437472168,ecoevolity,0.999555075598188,25,T1,0.001806783570991984,seed1234
True,0.0008736234044836974,0.003276812557029581,3337.376496978241,True,0.0007021339240724255,0.00298250175946175,0.95,0.001868156469910439,ecoevolity,1.0001703714678856,25,T2,0.001603864267931709,seed1234
True,0.0006629470104297078,0.004130139859414296,4000.0,True,0.0004946155551853853,0.003780166823304983,0.95,0.0020080407469957565,ecoevolity,0.9995019743535638,26,root,0.00143796993312278,seed1234
True,0.0009820424817205704,0.0035208085053228507,4000.0,True,0.0008647115078789773,0.0033556141431950216,0.95,0.0020472792647528307,ecoevolity,1.0002706956742058,26,T1,0.0017333294987500352,seed1234
True,0.0008454402775333668,0.003091394614230402,4000.0,True,0.0007903944927482293,0.002999589830408253,0.95,0.0017687347298953509,ecoevolity,0.9996219603716692,26,T2,0.002506807519864081,seed1234
True,0.0015920234938060255,0.005383931910763753,3303.4626786819263,True,0.0014422759692107382,0.005112377319660743,0.95,0.0031432475445396352,ecoevolity,0.999812900192702,27,root,0.002487781126228897,seed1234
False,0.00043621489254645437,0.0020410049342010172,3728.232856151944,False,0.0003649186553359767,0.0019185633759370145,0.95,0.0010568510334586576,ecoevolity,1.0000829432639622,27,T1,0.002516911878547197,seed1234
True,0.001044754436929648,0.0040998423181175395,4000.0,True,0.0009430299703178617,0.0038111146643985475,0.95,0.00225418902977336,ecoevolity,1.0017150293891737,27,T2,0.00326235130451149,seed1234
True,0.0006542582338426149,0.004129665197193496,3940.687120886427,True,0.0004532307769247081,0.0037279178326688643,0.95,0.002017868916794045,ecoevolity,1.0010157757015337,28,root,0.0020279780094049093,seed1234
False,0.0010210270448077782,0.003613368041215282,4000.0,False,0.0009058446446443103,0.003441564816772098,0.95,0.0021081130104002787,ecoevolity,0.9996883348537378,28,T1,0.003636583732799896,seed1234
True,0.0007967367787717561,0.0030082438003049936,3379.8376422757287,True,0.0006943178811955597,0.002812207719324318,0.95,0.0017071391209917625,ecoevolity,0.9997026799910662,28,T2,0.0011079094205895302,seed1234
True,0.00067620462981909,0.004181249989166936,3700.8847833489294,True,0.000543045930860722,0.00392055228534553,0.95,0.0020511567608451106,ecoevolity,0.9997742073929536,29,root,0.0021925725845997482,seed1234
True,0.001051984511348346,0.003717588123715856,3577.216840751544,True,0.000918184169945992,0.0035247405543036834,0.95,0.0021630169357866546,ecoevolity,1.0001858339891343,29,T1,0.0018227135531744625,seed1234
True,0.0009899683635801577,0.003490998281697501,3609.0703685485823,True,0.0008693600254272829,0.003300918557649336,0.95,0.0020519261412970053,ecoevolity,1.0005917570995315,29,T2,0.001976867097152009,seed1234
True,0.0006100655583227205,0.004157258551832032,4000.0,True,0.0005028973519693161,0.003814464169014491,0.95,0.002011729189895725,ecoevolity,0.999587210400852,30,root,0.002270256322715537,seed1234
True,0.0009166372639846485,0.003281365131183845,3181.034598146136,True,0.0008258771470701019,0.003125476358496428,0.95,0.00190075060729268,ecoevolity,1.000168254185896,30,T1,0.002465326716548278,seed1234
False,0.0009979370548582622,0.003571916680623526,3339.6696610638737,False,0.0009447878173445644,0.0034319078808565523,0.95,0.002118035451200997,ecoevolity,1.0001487614837252,30,T2,0.0009202242987029123,seed1234
False,0.00166356900351898,0.004872263502347768,2144.588600023765,False,0.0016433621287199845,0.004792754220441917,0.95,0.0030401889450819737,ecoevolity,1.0005734230910943,31,root,0.0012133638577265776,seed1234
True,0.0008825956216279871,0.0027868021621343386,1699.0256478514593,True,0.0008361766193482787,0.0026719814480456595,0.95,0.001672806481867661,ecoevolity,1.0010529821535323,31,T1,0.0017438766963123894,seed1234
False,0.0009638822312287961,0.003056234676160176,1943.5516072274677,False,0.0008704547033675277,0.002899374157627811,0.95,0.0018405567865030913,ecoevolity,1.0003800716927702,31,T2,0.003327324873624617,seed1234
True,0.0006376202566606133,0.00408869934527175,4000.0,True,0.0004570239717386911,0.0037368637416930186,0.95,0.002000022957350217,ecoevolity,1.0003551506908968,32,root,0.0018022322632799386,seed1234
False,0.0011279326929606952,0.0038218678778430414,3221.049433806464,False,0.0010522785009718686,0.003661193777926932,0.95,0.002257542397713481,ecoevolity,0.9999889000900458,32,T1,0.003846967321706237,seed1234
True,0.001113492893247951,0.003695905148491057,3141.077946305091,True,0.0009930183971490992,0.003518173148796721,0.95,0.002219151806749727,ecoevolity,1.0003414976511855,32,T2,0.0030284522307255307,seed1234
True,0.0006304122397656953,0.0041185707761657395,3580.839638131181,True,0.00047158076170539893,0.0037633845890768453,0.95,0.0019834755279397953,ecoevolity,1.000059921341569,33,root,0.0030139713753375413,seed1234
True,0.0011285889529347335,0.004056679668386421,3846.3419162630044,True,0.0010179238818805339,0.003830701193373969,0.95,0.002339252106307607,ecoevolity,1.0004909414553067,33,T1,0.002745593430722479,seed1234
True,0.0007974127546642085,0.003069225422971716,4000.0,True,0.0006792717010189589,0.002864450390291091,0.95,0.001723745947107232,ecoevolity,0.999628081798812,33,T2,0.0023165919464037195,seed1234
True,0.0006702201395925615,0.004149758543468455,3945.9540776436256,True,0.0005087424340076472,0.003801585105388515,0.95,0.0020245171008692127,ecoevolity,0.9995087082672824,34,root,0.0010329440020138082,seed1234
True,0.0008734561473369273,0.003144406117214094,3460.854078920143,False,0.0008129631293229513,0.0029929131026989754,0.95,0.0017924165490660184,ecoevolity,1.001092769229467,34,T1,0.003112937027728665,seed1234
True,0.00103549314894328,0.0035843275646611663,3122.4958604307594,True,0.0009120732497556644,0.0033927436482665877,0.95,0.0020981903281938967,ecoevolity,1.0009771778446197,34,T2,0.0011348925303200335,seed1234
True,0.0006765495321203582,0.004172546119937718,3721.7730987349237,True,0.0004432794615250949,0.003802916397142716,0.95,0.002024312453591425,ecoevolity,0.999567713097552,35,root,0.0017091066341884367,seed1234
True,0.00103402786259468,0.0036708707730813655,4000.0,True,0.000956077319338049,0.0035346157446290217,0.95,0.0021797791713154984,ecoevolity,0.9996682875068276,35,T1,0.002273307724001856,seed1234
True,0.0008483094459873987,0.003112557748418395,3638.646290822959,True,0.0008008988774500915,0.003005483726585992,0.95,0.0017956005260760476,ecoevolity,0.9998255842863748,35,T2,0.001877718273548923,seed1234
True,0.0006508957946011325,0.004106034641060369,4000.0,True,0.000481123190247824,0.0038225410919553375,0.95,0.0020255886424524415,ecoevolity,0.9997003297397632,36,root,0.0012496247244810645,seed1234
True,0.0012051700644086498,0.0039683851693860074,3400.7939765385795,True,0.0011183174888814186,0.003812496491333087,0.95,0.002398519251637229,ecoevolity,1.0006770154375035,36,T1,0.00349880707102417,seed1234
True,0.0012100873088933528,0.003936564352676775,3491.673568208791,True,0.0011363461446649225,0.0038009882064388226,0.95,0.0023998574982641344,ecoevolity,1.0006709433295016,36,T2,0.0030629953127549424,seed1234
True,0.0006545265322578986,0.0040336706235111226,4000.0,True,0.0004860646475633834,0.0036757375627307007,0.95,0.00197777221507968,ecoevolity,1.0001498506987423,37,root,0.001923539317902289,seed1234
True,0.0010273107193490454,0.0036781162672945814,2295.9855871904238,True,0.0009576958250394297,0.0035003327471931052,0.95,0.0021595512720604527,ecoevolity,1.0029190376348929,37,T1,0.0012367054963812868,seed1234
True,0.0008895403001815399,0.003234367304393864,2318.7435868951184,True,0.0007975311404163614,0.003093790627498446,0.95,0.0019002405715602593,ecoevolity,1.0032040984033646,37,T2,0.0026769158798615393,seed1234
True,0.0006390354883765683,0.003999232431022295,3800.9860635002533,True,0.00046713706517182216,0.003690659962590784,0.95,0.002003764954486639,ecoevolity,1.000222479934372,38,root,0.0016307391218633345,seed1234
True,0.0008751197636522747,0.003149769833761057,3511.5706009167884,True,0.0007887698561312479,0.002996053373111969,0.95,0.0018355612806646973,ecoevolity,0.9998252559441874,38,T1,0.002533679547051403,seed1234
True,0.00115012651872485,0.004045229739272954,4000.0,True,0.0010872191144270036,0.003908222803715429,0.95,0.00239634434911245,ecoevolity,0.9995960226795844,38,T2,0.0013252050911562654,seed1234
False,0.0011347198009865182,0.003485975047364128,2447.267087553367,False,0.001060649877692617,0.003347905055132137,0.95,0.002128375040656075,ecoevolity,0.9997459455025172,39,root,0.0007951543670812457,seed1234
False,0.001167362756770347,0.00351774913713308,2155.201568289461,False,0.001135692485634953,0.0034150981050113773,0.95,0.002160124789824132,ecoevolity,0.999748226670307,39,T1,0.0041690423787270284,seed1234
True,0.001111873477465892,0.00330471764932139,2575.804183562289,True,0.001080103997496128,0.0032140916409203373,0.95,0.002054700102827899,ecoevolity,0.9997968038502152,39,T2,0.0014823718870494564,seed1234
True,0.000656869684905428,0.004946587054717373,2523.433409950663,True,0.0004324927246101351,0.004331694310468262,0.95,0.002187831320988561,ecoevolity,1.0012492619628504,40,root,0.0029935271279943163,seed1234
True,0.0009467040179348543,0.0042474048327757,1371.5855894722072,True,0.0007447398966534561,0.0039847278836396,0.95,0.0024755479922149394,ecoevolity,1.0016975419011829,40,T1,0.0026510542779278816,seed1234
True,0.0009352553971951137,0.004214177185228645,1343.8154895483965,True,0.0008361829743343937,0.004085310859341036,0.95,0.0024740946482463004,ecoevolity,1.0014943542949057,40,T2,0.002770335829042536,seed1234
True,0.0006322557533622923,0.004094533255957134,4000.0,True,0.00040908939707708845,0.0036771473674265757,0.95,0.00200062789386731,ecoevolity,0.9997960593994872,41,root,0.002692372515178825,seed1234
True,0.0012425933716334492,0.00403317810249093,2828.270108587041,True,0.0011027608007522186,0.003835011975138621,0.95,0.0024346553412469265,ecoevolity,1.000227888984106,41,T1,0.0012886247043206482,seed1234
True,0.0010572084688143589,0.0034170677478756397,2939.8511123895064,True,0.0009544541615371882,0.003229194880994711,0.95,0.0020456448544699237,ecoevolity,0.9998782872082091,41,T2,0.0023139851344284377,seed1234
True,0.0006519998521430449,0.00409902273993988,3736.5992428584996,True,0.0005901746717670266,0.003920051902695793,0.95,0.00203639006239575,ecoevolity,0.999594220756022,42,root,0.0009695748976488767,seed1234
True,0.0008854548394102252,0.0031224333471266603,4000.0,True,0.0007775807628037075,0.002948363708505571,0.95,0.0017982980904720461,ecoevolity,0.9995813358104392,42,T1,0.0015726816039705088,seed1234
True,0.0010586531222814978,0.0037009297437153744,4000.0,True,0.0009616239985519466,0.003515362046558825,0.95,0.002165511816750625,ecoevolity,0.9998215557916208,42,T2,0.0027455096594469213,seed1234
True,0.000629250942937683,0.004114747492655236,4000.0,True,0.00047412700366583605,0.00379845394096386,0.95,0.0020170843477220718,ecoevolity,1.0004745772637411,43,root,0.003373665766557477,seed1234
True,0.001048766892027523,0.0037714312084649866,3595.7144215187172,True,0.0009023011769032426,0.003574309673719905,0.95,0.0021791240652933672,ecoevolity,1.0003477320515906,43,T1,0.0017821030026675786,seed1234
True,0.000670562733824832,0.002612727450664493,4000.0,True,0.0006213829163421353,0.0025140676590873273,0.95,0.0014700366286410445,ecoevolity,0.9995672060360145,43,T2,0.0014878273330981573,seed1234
True,0.0006921669864307176,0.004374540213806492,4000.0,True,0.0005281046790345079,0.003975460237974898,0.95,0.0020651320009352006,ecoevolity,1.0000411817897352,44,root,0.0012221832498661874,seed1234
True,0.0011172262796429989,0.003977614493499623,2791.976467292005,True,0.0010428625586254882,0.0037840795285640203,0.95,0.002360681243569899,ecoevolity,0.9997898873803518,44,T1,0.002570836104919498,seed1234
True,0.0009959339914344216,0.003449992588814449,2504.574920778259,True,0.0009439107262511432,0.003329715111052288,0.95,0.002063534615247137,ecoevolity,0.9995754032411228,44,T2,0.0019427892627552148,seed1234
True,0.0006672744679273407,0.0041273844644715615,3781.3658025912,True,0.0005068587640184282,0.0037678610229694375,0.95,0.0020114992323346237,ecoevolity,0.999744181831238,45,root,0.0014233859856248312,seed1234
True,0.0009135605803931584,0.0033054224038922787,4000.0,True,0.0008093121274729072,0.0031236177361540873,0.95,0.001919291907230404,ecoevolity,0.9996921562226332,45,T1,0.0018967165155609007,seed1234
True,0.0010436444261212267,0.0036847382091676406,4000.0,True,0.0009588290723717534,0.0035051697690465945,0.95,0.002152854298981428,ecoevolity,0.999750596096864,45,T2,0.001528716095140749,seed1234
True,0.0007680502593185685,0.006205624430439453,416.23456168685965,True,0.0006310849948618025,0.005919709516589843,0.95,0.00305939766290057,ecoevolity,1.0003251468786911,46,root,0.0013887551193107366,seed1234
False,0.0006562225820756549,0.004832936250416906,283.1335448104937,False,0.0005701002705319647,0.004582642155164413,0.95,0.002441203121290473,ecoevolity,1.0017290795697986,46,T1,0.005353817300492061,seed1234
True,0.0007337004925614508,0.005497333828620394,279.5722337968502,True,0.0006510663597335783,0.005253714048492866,0.95,0.0027962027933327435,ecoevolity,1.0017944203711022,46,T2,0.0019557798874994072,seed1234
True,0.0008388961809667187,0.00331718190279644,4000.0,True,0.0007488635774935738,0.003091418303101601,0.95,0.001821205221601152,ecoevolity,0.999664602922305,47,root,0.0015368386704805435,seed1234
True,0.0015150135626340185,0.00509353066877946,3472.271533977616,True,0.0013310447351998296,0.004783458835844214,0.95,0.002988926049021941,ecoevolity,0.9999741340416326,47,T1,0.003324605434540382,seed1234
True,0.0006843990699986772,0.0029114525576721807,4000.0,True,0.0006063235530288508,0.0027385199787860674,0.95,0.00155566522593821,ecoevolity,1.0001708105275522,47,T2,0.0020890462337580674,seed1234
True,0.0006899844940500396,0.004209299876951322,4000.0,True,0.00045358884336308075,0.0037127446852071814,0.95,0.0019945167883462698,ecoevolity,0.9999761384263732,48,root,0.0031425730305112264,seed1234
True,0.0006250876022556618,0.00244994578902838,3619.1777344956763,True,0.0005558989408937599,0.0023121190526648977,0.95,0.001358122488626861,ecoevolity,0.99982111299389,48,T1,0.0009481011623566314,seed1234
True,0.00125203909460835,0.004320831857913902,3330.2733551038677,True,0.0011307168157279287,0.004120352268873082,0.95,0.002569957485342823,ecoevolity,0.999959584965136,48,T2,0.003698399673350011,seed1234
True,0.0006696791118637747,0.004176558281799977,4000.0,True,0.000551585285768776,0.00385214393001389,0.95,0.002022574254628027,ecoevolity,1.000176105658239,49,root,0.0013708128813753467,seed1234
True,0.001116602427622444,0.0037776012898351648,4000.0,True,0.001025845517627998,0.0035809937149639173,0.95,0.002250491923202734,ecoevolity,1.0002426349079545,49,T1,0.0017647132946531953,seed1234
True,0.0011235040373647768,0.003806815962411528,4000.0,True,0.0009859149684638688,0.003553596163994951,0.95,0.002250473083130172,ecoevolity,1.0005998156418214,49,T2,0.001550307594169906,seed1234
True,0.0006610443240829387,0.004148980433633878,4000.0,True,0.00048506941668040353,0.0037870772748453,0.95,0.002017284913703625,ecoevolity,0.9998362406737004,50,root,0.001793663209414412,seed1234
True,0.0009283750201374652,0.0033673288095222853,3223.59374299656,True,0.0008632229114456993,0.003240241675259969,0.95,0.0019384249322338023,ecoevolity,0.999810246853036,50,T1,0.002326229478806862,seed1234
True,0.0010820633079706569,0.003738004008478749,3436.829443024833,True,0.0009718136889160152,0.0035626091209382924,0.95,0.002210501458463744,ecoevolity,1.000013529949528,50,T2,0.0031122814570788537,seed1234
False,0.0013788544369445876,0.0050632984045565176,4000.0,False,0.0012699763415243465,0.004742218088066429,0.95,0.0028708997759718077,ecoevolity,0.9997198142352458,51,root,0.0010810431334701005,seed1234
True,0.0006784303805280117,0.0034131725536242197,3467.5824094375157,True,0.0005343615687359154,0.0031518168056087602,0.95,0.0017198513090006331,ecoevolity,0.9998380308006322,51,T1,0.0019400869763677765,seed1234
True,0.0007573042582031334,0.0035760127530779554,4000.0,True,0.0005975477914536855,0.003333602349913253,0.95,0.0018789617814627421,ecoevolity,1.0015308132512355,51,T2,0.0016735842378427447,seed1234
True,0.0006636649878158273,0.004277929666794599,4000.0,True,0.0005373292588931977,0.003868066546430271,0.95,0.002032226744812813,ecoevolity,0.9996302994263708,52,root,0.0026971623721597808,seed1234
True,0.0012398672857913814,0.004109225183271057,3442.2926844198505,True,0.0012132316829565053,0.004040508399947414,0.95,0.002455025821470911,ecoevolity,0.9996223659153484,52,T1,0.0025886104490246372,seed1234
True,0.001000996665895333,0.0034587622885132088,3725.405586895956,True,0.0008972776167196309,0.003283238769471443,0.95,0.0019931173551245344,ecoevolity,0.9999745341964148,52,T2,0.0021197956159858256,seed1234
True,0.0006670670929043807,0.004327722558069867,4000.0,True,0.0005174706857662019,0.0039171969014386975,0.95,0.002033330187002576,ecoevolity,0.9999440155827248,53,root,0.0018753808205763719,seed1234
False,0.0011606924660025116,0.0034851683622232218,3813.344988665537,False,0.001094726744613944,0.0033841950056052827,0.95,0.0021855200337578687,ecoevolity,1.000270462765771,53,T1,0.0003923658510690466,seed1234
False,0.0018172123686754239,0.0053837794359874675,4000.0,False,0.0016932407703397806,0.0051570582755681394,0.95,0.003357275785100793,ecoevolity,0.9996782015931196,53,T2,0.0016728776643947715,seed1234
False,0.0006635851334280848,0.004178803751779619,4000.0,False,0.0004864628712479447,0.0038346719796475155,0.95,0.0020341030412346587,ecoevolity,0.9995547755780374,54,root,0.00476802922637728,seed1234
True,0.0010808555539230688,0.003579524056570797,3825.091198088618,True,0.0010303090768092468,0.003476567530501069,0.95,0.00216804099985157,ecoevolity,0.9997436524300785,54,T1,0.002278904717600749,seed1234
True,0.0011729237751788065,0.003889744281117722,3384.841361013252,True,0.0011201565577253524,0.0037692374817481283,0.95,0.002342318735788803,ecoevolity,0.9997038138363696,54,T2,0.0024493067191399746,seed1234
True,0.0006496456728634602,0.004125819572912561,3129.6024421595976,True,0.0004135252179601002,0.0037459765316320546,0.95,0.002020317142083645,ecoevolity,1.0007017344515368,55,root,0.0027752739239787967,seed1234
True,0.0007699206176259777,0.002885805966591689,4000.0,True,0.0006463655266586826,0.002683225244286745,0.95,0.0016425284450315568,ecoevolity,1.0000197195649756,55,T1,0.0013011581669584544,seed1234
False,0.0009605762042721826,0.003407958603960783,3714.9360870672895,True,0.0008099166099205713,0.0032138027539370365,0.95,0.002010778024516312,ecoevolity,0.9996751155263248,55,T2,0.0008512039255629945,seed1234
False,0.000656664064603752,0.003953282364590936,3901.468543176432,True,0.0005031387222862779,0.003653206591099629,0.95,0.0019683175418738256,ecoevolity,1.0004333035283393,56,root,0.0006409616980260697,seed1234
True,0.0011621545171068524,0.003794482217742168,2071.9978280366768,True,0.001065372585702851,0.0036114791519496845,0.95,0.0022760858170267433,ecoevolity,1.0004946527503082,56,T1,0.0016283302390242812,seed1234
True,0.0009448224176415256,0.0031299961186807127,2526.2364902783497,True,0.0008606338125614787,0.0029906011596097302,0.95,0.0018861354954416718,ecoevolity,1.0008319310166625,56,T2,0.002912988460287493,seed1234
True,0.0006486737060161854,0.0040361361422078575,4000.0,True,0.00045719300245496174,0.003709380053273068,0.95,0.0019871687297258493,ecoevolity,0.999665162011968,57,root,0.0030067606961440736,seed1234
True,0.0010234852518724562,0.0035658131698794795,3381.454119264079,True,0.0009030164410809263,0.0033630066885672358,0.95,0.002092889678206795,ecoevolity,0.9997014470951188,57,T1,0.00249113472420518,seed1234
True,0.0011318605922180992,0.00389824497840466,2414.017230036845,True,0.0010496989915744688,0.0037255864217675045,0.95,0.002283097459285059,ecoevolity,0.9996251272674156,57,T2,0.001360421830040928,seed1234
True,0.0006534821226778396,0.004113327351029089,4000.0,True,0.000508069093012917,0.0037894877278286244,0.95,0.002025780345945816,ecoevolity,0.9997420558854624,58,root,0.0017589928759015189,seed1234
True,0.0009737270996010084,0.0034038905131485698,3969.299001783388,True,0.0008578037233851371,0.0032044080505411283,0.95,0.0019663171693230625,ecoevolity,0.9998380255833602,58,T1,0.0017383841857011605,seed1234
True,0.0009165724879189842,0.0033955640443130088,4000.0,True,0.0008494106918368922,0.0032383213961635474,0.95,0.0019196510577332239,ecoevolity,0.9999384918746376,58,T2,0.0022542248630932713,seed1234
True,0.0006796402552592706,0.0041109257043806,4000.0,True,0.0005359304095680563,0.003778683503911877,0.95,0.002010356186204023,ecoevolity,1.0005336378206198,59,root,0.0010186969335969165,seed1234
True,0.001131919504658118,0.003922236278384465,3857.389692749088,True,0.0010224674937297916,0.003704241709603899,0.95,0.002319172726203582,ecoevolity,0.999939768732698,59,T1,0.0026531956992365264,seed1234
True,0.0008837617362373822,0.003045775216440811,3676.621376540466,True,0.0008032034875407858,0.002924062838924045,0.95,0.0017809527876817101,ecoevolity,0.9999948410220854,59,T2,0.0013250063640998688,seed1234
True,0.0006484224816616785,0.004152073328727464,4000.0,False,0.0004126971659170095,0.003691795129194711,0.95,0.002006895855943059,ecoevolity,0.9996187896259362,60,root,0.0037272207413855275,seed1234
True,0.0013085565904275027,0.004124321260727954,2967.651168154893,True,0.001207130058323528,0.0039505710709951776,0.95,0.0025115412625402143,ecoevolity,1.000530871974185,60,T1,0.002540923572598409,seed1234
True,0.0012324312203771766,0.003942894336782432,2746.065802161776,True,0.0011763766769479864,0.0037935019254683906,0.95,0.002383234739966071,ecoevolity,1.001259877638302,60,T2,0.002270523096889347,seed1234
True,0.000662780512411637,0.004039513248571646,3048.8238523089644,True,0.0004618209063864506,0.0037296100530735204,0.95,0.0019982019868544348,ecoevolity,0.9998381826926612,61,root,0.0012818856073655207,seed1234
True,0.0009243468824244463,0.003248791785940355,2954.2205715958034,True,0.0008266415607204893,0.0031085730630638986,0.95,0.001897383048580112,ecoevolity,0.9996006848085356,61,T1,0.001179932563002499,seed1234
True,0.0010602017514946306,0.003616913753990482,3024.2939834595313,True,0.0009469124007180733,0.003460738212859385,0.95,0.002133729968630981,ecoevolity,0.9999930673586204,61,T2,0.001892811123134862,seed1234
True,0.0006774985704347447,0.004042346901439357,4000.0,True,0.0006067384488557576,0.0038156960932087844,0.95,0.002009642554882557,ecoevolity,0.9996759639135712,62,root,0.001905657960607162,seed1234
True,0.0006651640496367768,0.00258625142474108,3508.156113981149,True,0.0005418227278577754,0.002418521640198186,0.95,0.0014463008840519616,ecoevolity,0.9995323642526897,62,T1,0.0007957758129053987,seed1234
True,0.0006532355452695685,0.0025453976171310377,4000.0,True,0.0005538962906340312,0.0024059364123009863,0.95,0.0014382424026147347,ecoevolity,0.9999554518447252,62,T2,0.0009895611673909157,seed1234
True,0.0006593682670250344,0.004122703713770053,2888.4438168795427,True,0.0005606310314523056,0.0038476757216892666,0.95,0.0020252681014773493,ecoevolity,1.0001561844136608,63,root,0.0026586187181103405,seed1234
True,0.0006787872502913134,0.002636499960691909,4000.0,True,0.0006141055705887952,0.0025111666962684747,0.95,0.001504404414840883,ecoevolity,1.0000206998732484,63,T1,0.0020276551883248875,seed1234
True,0.0008062387952629095,0.0030056000715456845,4000.0,True,0.000728144289737212,0.0028300177976245122,0.95,0.001705742203079629,ecoevolity,0.999632289747732,63,T2,0.0011251166332100018,seed1234
True,0.0006597856645318113,0.004070184669524897,4000.0,True,0.0005750644429110537,0.0038648569625383132,0.95,0.0020099753605094697,ecoevolity,0.9997492578541716,64,root,0.0013899887485017235,seed1234
False,0.0011142982821939914,0.003911659416179365,4000.0,True,0.0009799356144316088,0.003662553951581439,0.95,0.0022740635764019338,ecoevolity,0.9996700283322504,64,T1,0.0010174525807755972,seed1234
True,0.0006822154658467813,0.002672748960293892,3876.981969612943,True,0.0006116756143152994,0.00252928412985162,0.95,0.0015084231049424669,ecoevolity,0.9998901370478084,64,T2,0.0019082849290337559,seed1234
True,0.0006803416521565396,0.004068476971229095,3684.4556170456653,True,0.0005044683150049842,0.0037228128921830564,0.95,0.002007079122322141,ecoevolity,1.000058802500823,65,root,0.0007959632549429831,seed1234
True,0.0005513528597989554,0.002369140948138317,3257.4994306701933,True,0.0004907940009361262,0.002256687321197172,0.95,0.0013033639213628687,ecoevolity,0.9998332018035944,65,T1,0.0010410828058451066,seed1234
True,0.0007419851846226915,0.002868255666464484,3515.535078476424,True,0.0006547464150788943,0.002703258338918048,0.95,0.0016388967459272465,ecoevolity,0.9999055420278442,65,T2,0.0015813203252172073,seed1234
True,0.0006682370673448425,0.004220522294478387,3848.4466047543383,True,0.000454488546734705,0.003770505863863528,0.95,0.0020422900233801576,ecoevolity,1.0005129458783109,66,root,0.0011179872395431106,seed1234
True,0.0010895489991926504,0.003686710183699543,3645.4142909527473,True,0.0010245014775097038,0.0035153205761584193,0.95,0.002165730759210175,ecoevolity,0.9997448608888624,66,T1,0.0020916616550413444,seed1234
True,0.0011558979830047346,0.003766703270007999,3472.4055914513633,True,0.0010141758146028279,0.003544788448857149,0.95,0.002259140572066057,ecoevolity,1.0003779841841849,66,T2,0.001906307073135259,seed1234
True,0.0005786148343712245,0.002049969027163321,4000.0,True,0.00048585986213819883,0.0018930377428710047,0.95,0.0011873121200114806,ecoevolity,0.9996719345347076,67,root,0.0009397653543673344,seed1234
True,0.001393391734173376,0.004558819181331298,2665.1210308783657,True,0.0012615306185822792,0.004370909094643683,0.95,0.0027085149569543577,ecoevolity,0.999734810083038,67,T1,0.003208762215737319,seed1234
True,0.0012386474261185546,0.004274819667915711,3695.4047302668123,True,0.0011398150250514641,0.004103443663617984,0.95,0.0024779818277781565,ecoevolity,1.0001650282411505,67,T2,0.003985305283301152,seed1234
True,0.0006647001248165943,0.004197097378282344,3967.574526156663,True,0.0004818770351503129,0.003816690863343078,0.95,0.0020280339472822173,ecoevolity,1.0003496181559128,68,root,0.0015437640537872654,seed1234
True,0.0006553610567568376,0.0026700039430299,3443.123426264352,True,0.0005680464924642904,0.002499928712431225,0.95,0.0014908859687834909,ecoevolity,0.9996367945510564,68,T1,0.0014671227027536955,seed1234
True,0.0009137610220217619,0.0033135692603502897,3905.10796828044,True,0.0007636958976913222,0.003099330018855602,0.95,0.0018866732017918547,ecoevolity,1.0000022724435578,68,T2,0.001418155915957645,seed1234
True,0.0006415871782249381,0.0041525118276948035,4000.0,True,0.0004981498458732241,0.0038213094621113103,0.95,0.002007234687589278,ecoevolity,0.9996092756540292,69,root,0.0007975661052077442,seed1234
False,0.0007293167375619689,0.0027701289020870103,4000.0,False,0.0006669110893489724,0.002647536311293662,0.95,0.0015846377719441525,ecoevolity,1.0001067780866342,69,T1,0.0003745457196069136,seed1234
True,0.001181380892624715,0.004134744142895152,3777.461883311079,False,0.0010879641604636696,0.0039908897565323715,0.95,0.0024340358513450077,ecoevolity,1.0003821413185363,69,T2,0.0040067854649181,seed1234
True,0.0006738530537657125,0.004076263069262653,4000.0,True,0.00048119173705036953,0.003721104554039753,0.95,0.0020129434876941803,ecoevolity,0.999920271264803,70,root,0.0018274640134571453,seed1234
True,0.000885857814772199,0.004603729726574118,4000.0,True,0.0006694648672737518,0.00425748948822889,0.95,0.0023857801561356605,ecoevolity,0.9998411917582796,70,T1,0.002139543359073532,seed1234
True,0.0006437134513680023,0.004082599722028502,4000.0,True,0.0004451455826026165,0.0037503369875198467,0.95,0.0019875253379966693,ecoevolity,1.0001302792650046,70,T2,0.002478469930700552,seed1234
True,0.0006768790400309929,0.004189713880425132,4000.0,True,0.0005548086891193349,0.0038479401756926334,0.95,0.002023800190543268,ecoevolity,0.999875287370912,71,root,0.0011535013199829715,seed1234
False,0.0010746057014529634,0.003900871277713225,3870.4163270465374,False,0.00093166277043259,0.0036604238322580657,0.95,0.0022517634109929683,ecoevolity,0.9997904695159704,71,T1,0.0004911765196572873,seed1234
True,0.0008650515620666117,0.003195284315261805,4000.0,True,0.0007487974510027529,0.0029558259184118,0.95,0.0018243119536905828,ecoevolity,0.9997538811589528,71,T2,0.0018856419615743301,seed1234
True,0.0006766008949070858,0.004161063137686504,4000.0,True,0.0005663600395752916,0.003832974351464129,0.95,0.002051814587824715,ecoevolity,1.0001656881020258,72,root,0.001782077867280666,seed1234
True,0.0009633410401334496,0.0032560997050913192,2278.4448842596826,True,0.0008298133400057848,0.0030844956351543623,0.95,0.0019214942498512067,ecoevolity,1.0004481224677697,72,T1,0.0023720113196247236,seed1234
True,0.0012267153008537533,0.004152496527522297,2192.636843021864,True,0.001123680513091472,0.003956625415713641,0.95,0.002499337116832066,ecoevolity,1.0011147733639345,72,T2,0.0036366233357223313,seed1234
True,0.0006469305901879184,0.004153423621473751,3780.2241925565113,True,0.0004926379424330184,0.0037373570484726523,0.95,0.0020102580338605433,ecoevolity,0.9998581300610894,73,root,0.0033244477862714944,seed1234
False,0.000996453182568826,0.003593414234741437,3746.5405908884636,False,0.0009194803559035024,0.0034363628052814237,0.95,0.0020784097335980025,ecoevolity,1.0004043604521458,73,T1,0.0007187272593275227,seed1234
True,0.0010177927946684684,0.0037515114406830095,4000.0,True,0.000937590525755966,0.003566914444618857,0.95,0.002169889459993739,ecoevolity,1.0020383942048563,73,T2,0.001834612049253761,seed1234
True,0.0006326901246338942,0.004140541245689296,3856.957299473402,True,0.0004388501061595778,0.0037757282528957936,0.95,0.002015755366953861,ecoevolity,0.9997787636987572,74,root,0.001132182602058582,seed1234
True,0.0005354570592240366,0.002234793322234902,3407.7243181719195,True,0.00042846167262001236,0.002088325843309351,0.95,0.0012303349893129489,ecoevolity,1.0002116594481238,74,T1,0.0016860688544920901,seed1234
True,0.0010848333328424891,0.0036929664860738455,4000.0,True,0.0010093507538919023,0.0035487258649164796,0.95,0.002154943530841506,ecoevolity,0.9999506243514922,74,T2,0.0014325678716946145,seed1234
False,0.001877373762833305,0.007003437633629489,890.726293989202,False,0.001980600553210425,0.007035803578192654,0.95,0.004381972529354418,ecoevolity,1.0012194222892052,75,root,0.0007954846292478938,seed1234
True,0.0005127351741490443,0.003627862924087352,351.15668921008995,True,0.00033300476198922115,0.002572450949060528,0.95,0.0012054981083817898,ecoevolity,1.0039598582985334,75,T1,0.0020983036600875507,seed1234
False,0.0005186035716567822,0.003509819425617655,358.64624143406985,False,0.0003752407127359783,0.002717601354256516,0.95,0.0012297572971519445,ecoevolity,1.0034298182809869,75,T2,0.005411135385995523,seed1234
True,0.0006779128876247003,0.004080686184236844,4000.0,True,0.00047626534862122647,0.003732189646018641,0.95,0.0020019218304305236,ecoevolity,1.000574844190789,76,root,0.0027877568955967896,seed1234
False,0.0010975573856924817,0.003871908940364317,4000.0,True,0.0009562758611971873,0.003644015115639132,0.95,0.002242925621018416,ecoevolity,1.0004637611220764,76,T1,0.0010439468590375568,seed1234
True,0.0011157434541385206,0.003910073565332095,3660.1828201966555,True,0.0010446467436098432,0.003766177618319885,0.95,0.0023059568692917424,ecoevolity,1.0007530081918383,76,T2,0.0026124669694034173,seed1234
True,0.0006558526145399746,0.0041671289565638455,3877.8843328448907,True,0.0005331255609513166,0.0038337880320855524,0.95,0.0020392070530814662,ecoevolity,1.0000537994962078,77,root,0.0016332530251046901,seed1234
False,0.0011460264438304226,0.003867457337418429,3141.62481168676,True,0.0010310356558617553,0.003676242326913761,0.95,0.002288487873425825,ecoevolity,1.0004086839537862,77,T1,0.0011333534377986176,seed1234
False,0.0005881231228426696,0.002432456984463112,4000.0,False,0.0005278998931880102,0.002316710103068156,0.95,0.0013531216060488598,ecoevolity,0.9997989946534176,77,T2,0.002549411004782364,seed1234
True,0.0006579321136600027,0.004106000621785585,3218.7550897434803,True,0.0004747652606492748,0.0037341006229981094,0.95,0.002011672686915612,ecoevolity,1.0001029087264786,78,root,0.0020758715242405732,seed1234
True,0.0013636609204717967,0.0043435625229461435,4000.0,True,0.0012320582663257105,0.004143340329851324,0.95,0.0026198618043533056,ecoevolity,1.0002586408419154,78,T1,0.0027292746583753497,seed1234
True,0.0008657295048643987,0.003078694910827468,2925.8776406045995,True,0.000790732592433607,0.0028979549693612964,0.95,0.0017753118209454164,ecoevolity,1.0006081984913486,78,T2,0.0014653467819778325,seed1234
True,0.0006800453475880057,0.0041803825615800115,4000.0,True,0.0005048456135824963,0.003839480889888444,0.95,0.0020398776208037585,ecoevolity,0.9999106547495092,79,root,0.002457555713379561,seed1234
True,0.000678900366600992,0.002674712153884641,3753.996451792793,True,0.0006025040577168834,0.002526346794673501,0.95,0.0015009605979049378,ecoevolity,1.0003816916889106,79,T1,0.0022140679477451962,seed1234
True,0.0008364536035267777,0.0030731183913634322,3812.632884223656,True,0.0007777691014333892,0.002970730343939768,0.95,0.0017491145371091072,ecoevolity,1.0002532066096417,79,T2,0.0016463048850078078,seed1234
True,0.0006631831789299899,0.004338944472258374,4000.0,True,0.0005620208516521953,0.003968504477487543,0.95,0.0020355694045097366,ecoevolity,1.0001528219741425,80,root,0.002396707945969624,seed1234
True,0.001289423338119264,0.004104588837490938,2954.979890964625,True,0.0012690380275139847,0.004076223232475134,0.95,0.0025371570378095467,ecoevolity,1.0000162798171957,80,T1,0.0014759268356627786,seed1234
True,0.0013720446664192325,0.004306361022139531,2885.4266405282433,True,0.0012513716597017553,0.004157752334388804,0.95,0.002644996687783209,ecoevolity,0.9997304844584032,80,T2,0.002335735301553013,seed1234
True,0.001650680057216944,0.005521926136244292,3764.632410748147,True,0.0015311929408993866,0.005258300928825875,0.95,0.0032620459758835344,ecoevolity,1.0011906186806705,81,root,0.0021081140517144868,seed1234
True,0.0011127006445150378,0.0042841103022976,4000.0,True,0.000979810763075618,0.003968775978637189,0.95,0.0023574762530046115,ecoevolity,0.999947784275794,81,T1,0.002161364553976446,seed1234
False,0.0003222384823957475,0.0016227320047211453,3365.5982635368077,False,0.00025959726032947263,0.0014904309355298767,0.95,0.0008222677840281925,ecoevolity,1.0001521608901016,81,T2,0.0017716295315513661,seed1234
True,0.0006931826245500421,0.004143661051875139,4000.0,True,0.0005331832492152423,0.003774710354474752,0.95,0.0020302570789190537,ecoevolity,0.9996755298469988,82,root,0.0036361466136224283,seed1234
False,0.0006302201518835558,0.002535097439616473,3093.2666137406304,False,0.0005660002761097945,0.002418759353947193,0.95,0.0014247074550116144,ecoevolity,0.9999382877822272,82,T1,0.0005612182767466567,seed1234
True,0.0008427755961092303,0.0031109377492251327,3231.1403352375114,True,0.0007405843819534205,0.002920260375400311,0.95,0.0017730509610535653,ecoevolity,1.0004109293612122,82,T2,0.0016028928315693315,seed1234
True,0.000693177013604568,0.004134339919822747,3655.6079131833862,True,0.0004939030204592503,0.0038360285901130812,0.95,0.0020346533449485628,ecoevolity,0.9996921004640188,83,root,0.0018578957558182247,seed1234
True,0.000726513642842086,0.0027354493773463183,2905.2348801792327,True,0.0006752262133164296,0.002633437804489843,0.95,0.0015628862333187347,ecoevolity,1.0002425563003057,83,T1,0.0008710328817881222,seed1234
True,0.001160539718280597,0.004011677045352122,3494.296965112137,True,0.001038658479396759,0.003808904848768115,0.95,0.002376167946977605,ecoevolity,0.99993017070684,83,T2,0.002052012621876285,seed1234
True,0.0006693091165622733,0.004062663266008341,3994.7385674997554,True,0.0004801602339083531,0.003714432984635199,0.95,0.002009344842031125,ecoevolity,1.000531663815115,84,root,0.0016027761243888774,seed1234
True,0.0009325929552280328,0.003172833295964705,4000.0,True,0.0008777605863075689,0.003038878298378403,0.95,0.0018542847775745359,ecoevolity,0.9997032439247427,84,T1,0.0018294609437695586,seed1234
True,0.000780154771888511,0.002938189336617525,3346.368531859526,True,0.0007190042708300235,0.002790310163056189,0.95,0.0016670766548665945,ecoevolity,0.9996832031488768,84,T2,0.0017610876599351234,seed1234
True,0.000654698117751846,0.004195258418146603,2844.012345715617,True,0.000538536376622376,0.003943891249298367,0.95,0.0020386463356517667,ecoevolity,1.000646843783841,85,root,0.003653253479059993,seed1234
True,0.0010460123453736774,0.0036447794603837826,3078.9307118039183,True,0.0009703059849424087,0.003508862889882377,0.95,0.002126689679075637,ecoevolity,0.999796178803704,85,T1,0.0034640772928711213,seed1234
False,0.000954040630334458,0.0033691796225816238,3237.2228185939643,False,0.0009048872407249027,0.0032270680467109962,0.95,0.0019519439536308887,ecoevolity,0.9995827202533472,85,T2,0.0036467235998244507,seed1234
True,0.0006907233523765102,0.004095295850035698,4000.0,True,0.000588713157228637,0.003855930878510207,0.95,0.002009678614429104,ecoevolity,0.9995748366137324,86,root,0.0017238888748978775,seed1234
True,0.0009843203795384585,0.0035830974178552226,2945.831819961849,True,0.0008877367787259217,0.0033782754384749907,0.95,0.0020710576051204497,ecoevolity,1.0007448141649289,86,T1,0.0027388159454595105,seed1234
False,0.0008116902245389631,0.003103634642422505,3488.2476926532786,False,0.0007198310646179142,0.002937398551530845,0.95,0.0017841070880246191,ecoevolity,0.9995629030047808,86,T2,0.0006291803676835501,seed1234
True,0.0006566948528093916,0.003977227390716352,4000.0,True,0.0005169190133803378,0.0037027436911306884,0.95,0.0020025665303751105,ecoevolity,0.9999280564743748,87,root,0.0017910845221374575,seed1234
True,0.0008098406477294893,0.00311725459648354,4000.0,True,0.0007243185567714544,0.002920321288787461,0.95,0.0017503837926806454,ecoevolity,1.000812918360263,87,T1,0.002003669240887555,seed1234
True,0.0010877311017924787,0.003800006557112407,3945.6265137613696,True,0.0009838814106892509,0.0036392039585443695,0.95,0.0022285392837094334,ecoevolity,1.0001686493463688,87,T2,0.0012681092312464462,seed1234
True,0.0006715908502350023,0.004063164118256785,4000.0,True,0.00046746101460231135,0.0036560846663473774,0.95,0.001998827171431797,ecoevolity,0.9995526962541109,88,root,0.0020179612352248678,seed1234
True,0.0005060400277610451,0.002226659973999872,4000.0,True,0.0004221993551067411,0.002057396091963902,0.95,0.0011968243259162748,ecoevolity,1.000536503514855,88,T1,0.0005982927597931931,seed1234
True,0.000561953042779329,0.0023701715228307664,4000.0,True,0.0004964716482132557,0.0022190670072895664,0.95,0.001298728261997388,ecoevolity,0.99981685712581,88,T2,0.0007030345619248201,seed1234
True,0.0006373169031063192,0.0040230144259265155,4000.0,True,0.0004566125397544458,0.0036935705187386507,0.95,0.0019969620391655568,ecoevolity,0.9996101329281551,89,root,0.002592528854922435,seed1234
True,0.0008287143404992816,0.003086779955069525,4000.0,True,0.0007334178838515772,0.002907683172407411,0.95,0.0017627764206969718,ecoevolity,1.0002610253211262,89,T1,0.0027657110194816963,seed1234
True,0.0008788303518487678,0.003233772072193944,4000.0,True,0.0008237686805264161,0.0031143985066304962,0.95,0.0018589794401580684,ecoevolity,0.9998148069536268,89,T2,0.0016863182320844216,seed1234
True,0.0015619039797796677,0.0051443936974273855,3745.4749061247053,True,0.001454182336841795,0.004887742130803817,0.95,0.0030630314325224986,ecoevolity,1.0002010105318475,90,root,0.0018141139032403337,seed1234
False,0.0005594264667292461,0.0023614836701710525,3571.263894462611,False,0.0004945093927440603,0.002231175470086114,0.95,0.0012654103797356427,ecoevolity,0.9998532396918588,90,T1,0.0037364511337262436,seed1234
True,0.0009975818145847996,0.003850131021022177,3399.890720936307,True,0.000849766420090288,0.0035442558216020686,0.95,0.0021406952598272727,ecoevolity,1.0003858526820983,90,T2,0.002301870422613577,seed1234
True,0.0006408989985087392,0.004135195788658646,4000.0,True,0.0005517786452638434,0.00387472848539246,0.95,0.002030671071551714,ecoevolity,0.9995374812219956,91,root,0.0018102256807425343,seed1234
True,0.0005457145958858783,0.002307888342457309,3196.949633510935,True,0.00043546491002128065,0.002128765815134723,0.95,0.0012493210172413445,ecoevolity,1.0006553700160248,91,T1,0.0017888352837721504,seed1234
True,0.0011023232300614331,0.0037615290917497506,3437.0105519647204,True,0.0009800648912181274,0.0035364615102792697,0.95,0.0022179172330481648,ecoevolity,1.000747484648124,91,T2,0.0020506766763627358,seed1234
True,0.0006635917437656738,0.004189763112337981,4000.0,True,0.0005744056358149215,0.0038962250775978,0.95,0.002000203198660102,ecoevolity,0.9997896661358636,92,root,0.0008023529487067878,seed1234
True,0.000656542842085691,0.002599684035846454,3689.797092514352,True,0.0005607686817650257,0.0024487616598488212,0.95,0.0014593871046373063,ecoevolity,1.0000192360015634,92,T1,0.0011274581922296396,seed1234
True,0.0006548151258169308,0.0025903542813022346,4000.0,True,0.000551912902082591,0.0024313515569730523,0.95,0.0014539270748055535,ecoevolity,1.000588561305392,92,T2,0.0013475979410155644,seed1234
True,0.0024571907689802533,0.006856473425675582,1644.263900069436,True,0.002343037016819872,0.00664868471447023,0.95,0.004353721063426076,ecoevolity,1.0020474122845726,93,root,0.003000300156562108,seed1234
True,0.0005597027570005816,0.0018774401493394746,1158.006693450966,True,0.0005033480474074994,0.0017712018634088755,0.95,0.0010871894731200142,ecoevolity,1.0006514382591662,93,T1,0.0012437396093120455,seed1234
False,0.0005769041193594998,0.001915575269526291,1101.9497827864957,False,0.000497898027820275,0.0017865965489284473,0.95,0.0011134669118575869,ecoevolity,1.0016034892899008,93,T2,0.003123458800206567,seed1234
True,0.0006791286385860085,0.0041478134657814344,4000.0,True,0.00047248655099365927,0.003750327593279385,0.95,0.0020176452197514204,ecoevolity,0.9998605324223749,94,root,0.0016060419581795415,seed1234
True,0.000978865101487585,0.003533079541038214,4000.0,True,0.0008693079270981192,0.003337959317443028,0.95,0.0020565329870077397,ecoevolity,1.0008087993392112,94,T1,0.0016138007079768142,seed1234
True,0.0010491210039410552,0.003845363541813799,3910.0988255141274,True,0.0009466190944218927,0.00369301980937448,0.95,0.0022425912166978658,ecoevolity,1.0006790233824858,94,T2,0.0017341486846287851,seed1234
True,0.0006716806145281482,0.0040614854939459094,3408.3388734467135,True,0.00048232858768772966,0.0037405774174262313,0.95,0.002017742047039645,ecoevolity,0.9999199266857658,95,root,0.00226026791583058,seed1234
True,0.0006846345978250003,0.0026868288078890513,3322.847174153856,True,0.0006154917505358598,0.002539447043315155,0.95,0.0015200527788779953,ecoevolity,1.0003216538987636,95,T1,0.0010217630642773423,seed1234
False,0.0006301251466578293,0.002555669413852198,4000.0,False,0.0006010794169400805,0.0024749258724179103,0.95,0.0014291944080595644,ecoevolity,1.001136864351476,95,T2,0.003342353187643976,seed1234
True,0.0006529074368869025,0.0042199147237556136,4000.0,True,0.0004935019791245,0.003897604910860233,0.95,0.002038117907766556,ecoevolity,1.000144294249978,96,root,0.0017946357245831454,seed1234
True,0.0011472850018984712,0.003781662405683359,2749.086857740966,True,0.0010532616658037166,0.0036112387502103688,0.95,0.002241636822124832,ecoevolity,0.9996796892285604,96,T1,0.0015960324387006483,seed1234
True,0.0009843217334591235,0.0032669276697496717,2974.9217600279662,True,0.0009335715544578994,0.003164417642734,0.95,0.001961183370776334,ecoevolity,0.999560201209854,96,T2,0.002367953898958897,seed1234
True,0.0006610934673548591,0.004227427673870317,3865.96820739829,True,0.0005377978932557967,0.0038238798777242094,0.95,0.0019992559433188893,ecoevolity,0.9998577342962812,97,root,0.002978428178555282,seed1234
True,0.0009125901659733207,0.003146748217539104,3214.02784729044,True,0.0008192588998916217,0.002989432604521925,0.95,0.0018364349292321204,ecoevolity,1.0012161457999724,97,T1,0.0017492616613851578,seed1234
False,0.0012137631657721274,0.0040195902727822135,3539.129394732517,False,0.0011147511611041257,0.003844258263661456,0.95,0.0023838129943359442,ecoevolity,1.0005626556127711,97,T2,0.001103102971529233,seed1234
True,0.0006434988977610185,0.004613709105959949,3415.750699254,True,0.0003882544112014429,0.0041326875089923686,0.95,0.0021568569324120395,ecoevolity,0.9996576924629952,98,root,0.0007187863040514742,seed1234
True,0.0012308085792472952,0.004348227301564093,2414.874765406756,True,0.0011363312593778492,0.004195720306679446,0.95,0.002656585474056323,ecoevolity,1.0002452459520268,98,T1,0.002773916461591651,seed1234
True,0.0012421850581119552,0.004465795127766157,2295.415533104437,True,0.0012253333678278087,0.00442300560007684,0.95,0.002732957540456468,ecoevolity,1.0001274073090154,98,T2,0.0014126318792637633,seed1234
True,0.0006553481003776389,0.004100635140883622,4000.0,True,0.0005880659416592304,0.0038307989330197954,0.95,0.002029029119996435,ecoevolity,0.9999355710540052,99,root,0.0012672619630365743,seed1234
True,0.0008262986605845232,0.002996102826473255,3428.7666919916246,True,0.0007457666814145256,0.0028097789587431484,0.95,0.001727192870717433,ecoevolity,1.0001485280097553,99,T1,0.0012059004641353668,seed1234
True,0.0011257069236227477,0.0038522754707697843,4000.0,True,0.001020860223000358,0.0036394685168335173,0.95,0.002278401422662592,ecoevolity,0.9996439284462868,99,T2,0.002918661165920051,seed1234
